id	name	mail	metadata	body
1	ウルフ◆ctc7aDbxwM	""	2017/11/21(Tue) 02:29:21 ID:a1252429	<br>　「 デス飲食短編勝負 地雷爆破デスマッチ 」 投下用スレ③<br><br>　　作品投下期間 ： 11/24（金）00：00～11/26（日）23：59<br><br><br>　　　　　　　　　　　　　　　　　　　　　　　　　　　　　　　　　　≪ 投下の際のご注意 ≫<br>　　　　　 　 　 　 　 　 　 　 ＿＿_<br>　　　　　　　　　 　 　 , イ　/　　　 ,＞ 　 　 　 　 　 　 　 　 　 ・ 作品の投下は、「 控室 」にて投下予約をしてからお願いします。<br>　　　 　 　 　 　 　 ／　　 　 　 ／　 _　-＼<br>　　　　　　　　┌　 ､＿　　 　 　 　 　 　 　 ∨　　　 　 　 　 　 「 デス飲食短編勝負 地雷爆破デスマッチ　控室・投下予約所 」<br>　　　　　 /⌒ヽ!　　　　　　　　 　 　 　 　 　 ∨　　　　　 　 　　 ttp://bbs.yaruyomi.com/test/read.cgi/ban/1509461464/<br>　　（ ￣。＼__八_　　（＞　　`ー-　　　 　 ､＿!<br>　　　￣　　‐-ﾟ　_　。¨　 ‐　_　　　 　 　 　 　 ﾊ<br>　 　 　 　 　 　 /-¨　 ‐ﾟ　_ 。¨r--､　　　 _／　|　　　　　　　　 ・ 作品のレス数制限は80レスです。<br>　　　　　　　　/　　　　　　 ｀ヽ|　　 ＼　　　　　!　 　 　 　 　 　 ( 81レス以上になると失格になります。投下の前によくご確認下さい )<br>　　　　　　 　 　 　 　 　 　 　 ∧　　　　　 　 　 ∨<br>　　　 　 　 　 i　　　　　　　　　　＼　　　 　 / 　 廴＿<br>　　　 　 　 　 |　 　 　 　 　 　 　 　 `ト--‐ ＿,r─ ､_ノ　 　　　・ 投下の前に「 今から〇〇レス投下します 」<br>　　　　 　 　 ∧　　　　　　　 　 　 　 l　　/　　　 　 }　　　　　　　投下が終わったら「 投下を終了します 」と宣言をして下さい。<br>　　　 　 　 　 .∧　　　　　　　　 　 　 l　/　　__　　　）<br>　　　　　　　　　 ＼　 　 　 　 　 　 　 l. l　 ./　} 　 /　　　　　　　この宣言は、80レス制限には含まれません。<br>　　　　　　　 　 　 /＼　 　 　 　 　 　 | |　〈__ノ ／<br>　　 　 　 　 　 　 〈 /　＞-　　__　　　厶ゝ-‐ &quot;　　　　　　　　　・ また、投下が終わったら次の予約者の方のために<br>　　　　　　　　　 　 ￣　　　　　　￣　　　　　　　　　　 　 　 　 　 控室の方にも一声かけて下さいませ。<br><br><br><br><br>　　　　　　　　　　　　 ＿＿<br>　　　　　　　 　 ､丶｀　　　　 ｀ヽ、<br>　　　　　　　／　　　　　　 ｰ '′　￣‘，<br>　　　　 　 ./　__ノ　 ＜ﾉ　　　　　_ノ　 |<br>　　　　　 /　　 　 　 ／￣￣￣　　　 〈　　　 　 　 　 　 　　　 ・ 作品には必ず題名を付けて下さい。投票の際に必要です。<br>　　　　 ノ　乂＿ ／　　　　_　＿＿　　ヽ 　 _　-=ﾆ三]<br>　　　　ヽ　　　　 　 _　-　才: : : : : f:＞-=ニ斗‐_二-’　　　　 ・ 作品のまとめを拒否したい場合は、必ず投下の前後に明記して下さい。<br>　　 　 　 〉　　　 ／　　/: :(:_　-ニ斗:''弋_yﾍ¨<br>　 　 　 ./　　／￣￣ヽ{≦斗_ﾆ-: :ヽ＼ヽ: : :乂 　 　 　　 　　 ・ 上記につきましても、80レス制限には含みません。<br>　　　　 {　　　　 　 ／斗ﾍ:_:ノ_: : : : : :＼ヽ&gt;ﾍ: :}<br>　 　 　 入　　　　/　　　　　 ヾ＼: : : : : :/ 　 ∨,　　　　　　　 ・ その他、詳しいルールについては控室をご参照ください。<br>　　　 &lt;.／＼＿ノ　　　　　　　 ＼:￣￣ |　　　|:ﾍz≠<br>　　　　　, ィ ￣ ＼　　　　　 　 　 ` ー--＼_.ノヾ´: :ヾ´<br>　　　　 f　　　　 　 ＼　　　　　　 　 /　/　¨´{∨ﾊ : : }　　　　≪ 読者の皆様へ ≫<br>　　　　（ヽ 　 　 ＿　 ‘，　　　 　 ／　/　　≠ﾍ:_:ﾉ:／<br>　　　 　 ＼　　（　　_&gt;ノ、￣￣　　 ／　　　　　 ￣　　　 　　　・ 各作品への感想、合いの手は大歓迎です。<br>　　　　　　 ｀¨¨¨¨¨　　/　　　　 ／ 　 　 　　　　　　 　　 　 　 　参加者の皆様が喜びます。<br>　　　　　　　　　　　　 ゝ＜∠／<br><br>
2	◆kf7uIt1hRTUk	""	2017/11/24(Fri) 00:00:51 ID:54b9e56d	５３レス投下します<br>よろしくお願いします<br>
3	◆kf7uIt1hRTUk	""	2017/11/24(Fri) 00:01:01 ID:54b9e56d	<br>,;ｌ:iｌ|,;ｌ从wｌi;ｌi,;ｌ:iｌi,;ｌ:vjv;,;ｌ:iｌi::::.::i::::.::.::..:.:.:.::..:..l:..:..:..|.:.:.:ヽﾐゞｼヽﾐゞヽ:;ヽﾐ:;ゞヽﾐゞヽﾐゞﾍヽﾐ:;ﾐゞヽﾐゞﾐゞ<br>iｌ,vｌ:iyji;ｌi;;yjv.;,,;ｌ:iｌi;ｌ,;ｌ:;ｌi;Vw,.:::::::.:|::.:::;.::..:..:..:.:..:.::.::.:::.:::::.ヽﾐゞヽ:;ゞヽﾍ;ヾｰ､ﾐヾﾐゞヽﾐゞヽﾐ:;ﾍ=ｰ､ｼヽﾍﾐゞ<br>iｌi;v州Vw,:,:iｌi;ｌi;,;ｌ,;ｌ州:iｌi;,.::::.:::::.::.:.::..:.:..:..:..:.l.:..:.:.:..:..:..:..:.;:.::.:::ヽﾐゞヾ;ｰ､;ﾐゞｼ.ﾍﾐゞ=ヽｼｰ､ゞ:;ﾐゞヽﾐゞヽﾐゞ<br>,;ｌ:iｌi;ｌivj,V,;i;ｌ:il;vV;:w,;;:;;:::.::::. :.ｌ: .: .: .: .: .: .: .: .: .: .: .: .:l .: :ヽﾐゞｼﾍヽﾐ:;ｼ.:ヽゞ:|;iil;ヽﾐゞ;iﾄ;|.::ヽゞ:;ヾ::l.<br>:::;;.::::.:::.::.:::.:..:.::.::.:::.:..:.:..:.:..:.:..: .: .: .: .i: .: .: .: .: .|: .: .: .: .: .ヽﾐﾍゞ.:.ヽﾐゞ.:.:ヽﾐゞ::|iＹ;:ﾊ/;:i:iil;|:.:ヽﾍゞ::.::.::|<br>:::.:.: ､ ,.: .: .|.: .: ｻﾞｱｱｱｱ……: .: .: : .: .: ,.:'':,.: .: .: .: .: .: :ヽﾐゞ.: .:.:..:..:..:..:..:..:..::::|ili:;i;;;:ijl;:ゞ;|.::.:.::ヽﾐゞ:::.:.;,.,.<br>:.::.:.:..: .: .l:.:..:.:..: .: .: .: .: ,.:'':,: .: .: : : : |: : : : : : . : . .: : .:､!, .: .: .:. :.:..:.|: .:.:..:.:..:.::.::|;;i;li:i;;ヽノ!;|.:.::.:::::.:i:::;,vVw,.,w.,<br>:､!,::.::..: .:.:..: ..: .: .: .i: .: .: .: : : .:,.:'':,.: . : : . : : ､ ,: : : : : : .: .: .: .: ､!,.: .: .: ..:.:.:.:.:.:::|;;〈;k;:iiﾒ;;ｉli|.:.::.:::,;.,vi从ﾊw,.,v;:..<br>::.::.:..:.: .|: .: .: .: ,.:'':,.: .: . : : : i.: . : . . . . . : . : . : .i: . : : . : . : : .l: .: .: .: .: .: .:.i.:.:.:::|il:〔ili:i;∧:;;|.:.::.::ゝ;.;ﾘｗｌi;,Vvjv,.:;.<br>::.:.:..:.:..: .: .: .: ..: .: : : . : . : . . : . ､!, .: . : .､ . : . : . . : : ,.:'':, . :.: .: .: .:.:.:.:.､!,.:.:..:.::::|;il;l;;i/i|;iﾄi;;|::::ゞ),vi从ﾊvjvw;,vi';<br>:.:..;.:..:.:..:.:: : .: .､ ,.: .: : : :. .､!,. . . :.: .: .:. . : .. : . . . : |.: .: .: : .: .: .: .: .: .:.:.:..:.:..;i.,w;|il;:ili;ﾍ;;:iil;;i|从;Vw,.Vw,,,vi从ﾊw,.i<br>:.:..:.:..:.:.l: .: .: .:: : : : : : : l: .: .: . . : .: .|:: . : . . . . :i:. . . : .: .|: .: .: .: .: . l;.:.:.,;:..,v;vVj|;l;:il;ﾉ;;〈;;f;l|:vj,;.Vw,.Vw,.,.;|vV;;,;';.<br>::..:..:.:.:...:.,:'':, .:.:..: .: .: .: : : . .: . : . : . . .i . : : .: .: ..: .: .: .: .: .: .: .: ､!,: .:,.;,vVw,ｗ;/;i|i;;;;|;;ii;i:ili::;ヽ.;vVwゞ从ﾊ;,vvjv<br>:.:....:.:.:..: .: .: .|: .: .: .: .: .: .l: : . : . . . : . :.: ､ ,.: .|: .: .: .:.:.;,.::,.;,v,vi从ﾊ､.;,;'vVwノ;;/vyy|w;ｙ;;从;＼.;从;ﾒ@ivヾ〉Vw,.<br>::.:;..:.:..: ､!,.:..:. .: .: .: : : : : : : : : : .: .: .; .: .:. :.:,.;,vV,vi从ﾊ､Vw,.,.;,,vi;从ｿWw､vVw.;:*.;,vi从ﾊ､w,.,.;vｗfﾟ;.,从,;Wyv<br>:､| , .:.:..:.:..:.: .: .: .:､; : .: .: .: .: .,.;,:,vi从ﾊ､,.,,vi从ﾊ､w,.,.i,;,;'ヾﾒ､w,vi从ﾊ､w,.,vi从ﾊ｀|'､Vw,.,ゞ,vVw,w,;.从ゞｿ､wV.<br>::.:..:.:..:. .: .: .: .,.;,vVw,.,.;,vVw,.,.;,vVw,.ゞ,|;,vVw,.,.;,vVw,.,.;,'Y`Y`.;从ｿWw､,.;,v,vi从ﾊ､;,,vi;,;'ヾﾒ､､.,.;v|Vw,..;,,vw,.<br>:.:.,.;,vVw,.,.;,vVw,vi州､w,|yjv,vi;,;'ヾﾒ､vVw,;,;'ヾﾒ､v,vi从ﾊ､.,.l,vVw,.,vi从;,;'ヾﾒ､,..;,vVw,..;,,v;':ﾒﾟ;.艸i从ﾊ､Vw,.<br><br><br><br>.<br>
4	◆kf7uIt1hRTUk	""	2017/11/24(Fri) 00:01:17 ID:54b9e56d	<br>:ヾゞ;;ゞ:;ヾ:ヾ;;&gt;;ゞヾ;ゞゞノヾゞ:ヾヾ　　　/;;ゞ:;ヾ:ヾ;;&gt;;ゞ　　 |ii;ゞ:;ヾ:ヾ;;&gt;;ゞヾ;ゞヾ:ヾ<br>ﾉ;;ヾ　ヾゞヾ;ゞゞノヾゞ:ヾヾ　ヾゞ;|　　&lt;;;/::ヾゞ;;ゞ:;ヾ:ヾ;;&gt;;ゞ;;::iiゞゞ;;ゞゞ;;ゞヾ;;&gt;;ゞヾ;ゞ<br>ゞヾ　;ゞゞ;ゞiilヾ;ゞゞﾞゞ;;:::iｉ|　　|;:ヾゞ 　 &quot;ヾゞヾ;ゞゞノヾゞ:ヾヾiii|　&lt;:;ヾ:ヾ;;&gt;ヾ;ゞ'';ゞヾ;ゞ<br>|;:ilヾ ＼　|::;ii|　　　ヾ;ゞゞ''ノヾ|;:i|　　　　ノヾゞ:ヾヾ::ヾ＼　|i;;:iii|　/;;ゞ :;ヾ:,　　　　|i;ゞゞ<br>|;:i| 　＼`'';:::ii| ヾ:ヾ;;&gt;;ゞヾ|　　|;:i|／＾　　　　'|i|　　|;:i| ＼｀&quot;;;::ii|　ﾉ / :ヾ;;&gt;ヾ;ゞ　;ゞヾゞ<br>|;:i|　 　ﾞヽ,;:;;;l| /ﾞ;ゞゞ;ゞ:::ii|　　|;:i| 　　　　　　|i|　　|;:i| 　 ~|ii;;:ii&quot;´／　|;;::iｉ|　　　　|i|／<br>|;:i| 　　　 |:::;iii~ ﾉ　　,,|;;::iｉ|　　|;:i| 　　　　　　|i|　　|;:i| 　　|i::;;iii|~　　 .|;;::iｉ|　　''＼|i|<br>':;,`:ヽ|／,'|:;:;ii|:,:;*.,:;/.:::;.:&quot;:::&quot;''''⌒ヾゞ　　　γ''&quot;&quot;&quot;''&quot;&quot;''&quot;' |ii;;i;(''）''&quot;''''&quot;&quot;&quot;''&quot;&quot;&quot;'''''&quot;&quot;&quot;''<br>&quot;；*'.:.:;”:;ﾞ|:;;iii|`:;,':,*”:;:;.,:;.:；'.:.:;”:;ヾヾ))　　(（,:ｿﾐ;.:';';';::;.:&quot;. |i;;;::;iii|`:;,':,:;.,:;.:;';',:　':::;.:&quot;.:;.:';<br>.:;”:`:;,' *”|:;,r-; ;*.,:;/.:::;,':,*”:;:;.,:;.:；'.:ソ　　　 &quot;''~`''&quot;ﾞ&quot;'''~ノ;;ii;:iilli;ゝ&quot;''~`''&quot;ﾞ&quot;''~`''&quot;ﾞ&quot;''~ﾞ<br>&quot;''~`''&quot;ﾞ.,r'´;;;`､;`ゝ,ﾞ`''&quot;ﾞ&quot;''~`''&quot;ﾞ&quot;''~　　　　　　　　 　 　&quot;'''''''''''''''&quot;　　..,,､vji､iijww､ii..,<br>　　 ,／;;;`､;;;`､;;;`､;`ゝ, 　 　 　 　 　 　 　 '&quot;&quot;'''&quot;&quot;'&quot;&quot;&quot;<br>　／;;;`､;;;`､;;;`､;;;`､;;;`､ゝ,　　　　　　　　　　　　　　　　　　　　　　　　　　 ,..,.,.,.,、<br>ぐ;;;`､;;;`､;;;`､;;;`､;;;`､;;;`､::;'ｧ..&quot;&quot;<br>;; |　　　　　　＿＿＿__｜.:|　　　　　 ,..,.,.,.,、　　　　　　　　''&quot;&quot;&quot;~<br>）.|　　　　　　|＿|＿|＿||ヾ|<br>;; |　　　　　　|　 |　 |　 ||..::|.　 iijww､ii.　　　　　　　&quot;&quot;&quot;~&quot;　　　　　　　　　　　''&quot;&quot;&quot;~<br>　|　　　　　　 ￣￣￣ ｜.:|　　　　　　　　　　　　　　　　　　　 　 ,..,.,.,.,、<br><br><br><br>.<br>
5	◆kf7uIt1hRTUk	""	2017/11/24(Fri) 00:01:32 ID:54b9e56d	　　　　　　　　　 　 　 　 　 　 　 ＿＿＿＿_<br>　　　　　　　　　　　　　　　　　　|:.　　　　　 |<br>　　　　　　　　　　　　　　　　　　|:::.　　 　　 | 　<br>　　　　　　　　　　　　　　　　　　|::::::　 　 　 | 　<br>　　　　　　　　　　　　　　　　　　|ｏ::::..　　　 | 　コッ<br>　　　　　　　　　　　　　　　　　　|::::::::::::.　　 | 　　　　コッ<br>　　　　　　　　　　　　　　　　　　|::::::::::::: :. 　|　 <br>　　　　　　　　　　　　　　　　　　|:::::::::::::::.......|　 <br>　　　　　￣￣￣￣￣￣￣￣￣￣￣￣￣￣￣<br>　　　　　　　　　／￣￣￣￣￣'i,<br>　　　　　　 　／　　　　 　　　....:: i,<br>　　　　 　 ／　　　.....::....:........::.::::::ｷ<br><br><br><br>.　　 　 　 |:i: :! :: ir,i∧｀　　　 　 　 　 　 　 l::.::.: li∧　　　│　/<br>.　　　　　.|:i:: ';: :ﾍ,∨:ﾊ　　　　　'&quot;´　　　,ｲ:l:.::　ll/∧.　　　　′／<br>　　　　　 |:l ::!::,! ,'::::∨ハ 、　　　　　　 ,ｲ::::l::.::. l//∧<br>　　　　　.|:!∨ '´.i:: ::∨∧､,ヘ､　.__, ｨ'　.i::::::l::.:: l///∧<br>　　　　　.ﾚ'´　　.|:: :: ∨∧ヽ､ i. 　 　 　 |､:::l::.:　li///∧<br>　　　　　´　　 　|:: :: ::∨∧',＞'ｰ､ 　 ,-- ´''!::. ,'≧;//∧<br>　　　　 　 　 　 .|::_;;.::-∨∧　　　　 ＿ , __ィ;;_/､/〈´ ヽ、<br>　　　　　　　　,r''´'iヽ_,.∨∧-─ '７!ゞ'-‐=‐-､ヽ:::;ヽ　　 ',<br>　　　　　　 　 i　　 i　　 ',//i.　 ゝ=-‐〈ｰっ　　　';:::i　ヽ,　 ,<br>　　　　　　　　l　ヽ,|:: :: :::'//i ,r''/ｲ| ii,',/´,r‐､　　;::i　　 ∨',<br>　　　　　　　　!　　.|:: :: :: '!/ii ゞｨ |:l iｨ ／ ,r'´,.rz‐!i_,. -　∨,<br>　　　　　　　　',　　|　　　 ',/ii.　　l:| .ii´　/ ﾉ'　 'x/! ',　　　∨<br>　　 　 　 　 　 ',　 .i　　　　 'ﾊ.　 .|:|　il,　｀´　 　 '&quot;　∧　　 ﾍ',<br><br><br><br><br>.<br>
6	◆kf7uIt1hRTUk	""	2017/11/24(Fri) 00:01:42 ID:54b9e56d	<br>　　　　　　r‐i　　　　.,,,,,,,,,,,,,,,,,,,,,,,,,,,,,,,,,,,,,,,,,,,,,,,,,,,,,,,,,,,,,,,,,,,,,,,,,,,,,,,,,,,,,,,,,<br>　　 　 　 ├┤　　　..;┌────────────‐‐ｰｰ┐|<br>　　 　 　 ├┤　　　..;│　.＿＿＿＿＿＿＿＿＿＿＿＿　　│|<br>　　　　　　｀ﾟ´ 　 　....;│　l 　 . i 　 . i 　 . i 　 . i 　 . i 　 . l　　│|<br>　　　　　　　　　　　...;│　l 　 . i 　 . i 　 . i 　 . i 　 . i 　 . l　　│|<br>　　　　　　　　　　　...;│　l 　 . i 　 . i 　 . i 　 . i 　 . i 　 . l　　│|<br>　　　　　　　　　　　...;│　l 　 . i 　 . i 　 . i 　 . i 　 . i 　 . l　　│|<br>　　　　　　　　　　　...;│　l 　 . i 　 . i 　 . i 　 . i 　 . i 　 . l　　│|　　　すまないが<br>　　　　　　　　　　　...;│　l 　 . i 　 . i 　 . i 　 . i 　 . i 　 . l　　│|<br>　　　　　　　　　　　...;│　l 　 . i 　 . i 　 . i 　 . i 　 . i 　 . l　　│|　　　ちょっと雨宿りを――<br>　　　　　　　　　　　...;│　l 　 . i 　 . i 　 . i 　 . i 　 . i 　 . l　　│|<br>　　　　　　　　　　　...;│　l 　 . i 　 . i 　 . i 　 . i 　 . i 　 . l　　│|<br>　　　　　　　　　　　...;│　l 　 . i 　 . i 　 . i 　 . i 　 . i 　 . l　　│|<br>　　　　　　　　　　　...;│ ├─┴─┴─┴─┴─┴─┤ 　 |│<br>　　　　　　　　　　　...;│　|＿「」＿＿＿＿＿＿＿＿_____.| 　 │|<br>　　　　　　　　　　　...;│　l 　 . i 　 . i 　 . i 　 . i 　 . i 　 . l　　│|<br><br><br><br>.<br>
7	◆kf7uIt1hRTUk	""	2017/11/24(Fri) 00:01:52 ID:54b9e56d	<br><br><br><br><br><br><br><br><br>　　　　　　　　　　　 　 　 　 　 ＿__<br>　　　　　　　　　　　　　　 ´￣　 ／ヽ　 　 　 　 　 　 　 ＿＿　　 _,,. -‐:::::::::──ォ<br>.　　　　　　　 　 ,　 ´　　　　　／　　∧　　　 　 ,　 ´￣　　 /ｘ＜::::::::::::::::::::::::::／:/|<br>　　　　　　　 ／　　 　 　 ,　 '　　　　 ∧　　 ／　　　　　　/::::::::::::::::::::::::::::::／::／:/<br>　　　　　　, '　　　　 ,　 '　　　　　　　　∧／　　　　　　　/::::::::::::::::::::::;::::::':::::／::::/<br>.　　　　　/　　 ,　 '　　　　　　 　 　 　 ／ 〉　　　　　　 ,.'::::::::::_;::::::＜:::::::::／::::／l_￣＼<br>　　　　 〈ｰ‐＜　　　　　　　　　　　 ／l　/∧　 　 　 , ' ＼￣::::::::;､::::::∧;:ヘ./　 {l }　　 }<br>　　　　　∨　　　　　　　　　　 　／|　 l/　　 〉 　 .／　 　 | ＼lV　∨　　　　 l∧ｊ_ｊ-区 |<br>　　　　　　V　 　 　 　 　 　 , イ　　l／l 　.／　 ／　　 　 .|　　',　　　　,､　ﾊ,ｨ1 /! l＼ /<br>. 　 　 　 　 ∨　　　　　, イ　　l , イ　 .l／　　,.ｲ⌒)　　　 |／ﾄ.ヽ ｢トｔﾃｧＶ ￢´l│l　 /<br>　 　 　 　 　 ∨　 ｘ＜　_│, イ 　 l.／　　 ／　V　{＼ 　 |　 l　〉,.へ￣ﾍ、　　 ｌ//　/<br>.　　　 　 　 ／Ｖ´＿_,,. ィ l　　|,　 '　 　 ／ 　　 ﾊ　Y│　l／　「 丙 li＼. ｒ= ｦ / | /　　　　　　させてもらおうか<br>　　　　　／　　∨　│　　|,　´　 　 , イ　　_,.イ　.l__ﾉ ｊ_／ー&lt;´　Ｖ　＼ 丶.___/ヽ|＼<br>　　　 ／　　　　ヽ--- ‐'&quot;　　　 ／　/ ,.ィり ﾉ─ l　 /　＼ 　 ＼　　 　＼三二ﾆl　　ヽ.<br>　　　　 　 　 　 　 　 　 　 　 ∠ __‐┘　ｰ‐く　　 |／　ｌ　_,ﾍ　　 ヽ/|　　　　 　　　　 |＼　　　　　　　 ＿_　 l'''l　　　　 ,＿　　/l<br>　　　　　　　　　　　　 　 ,.ｒ弋ﾜ´ ﾉ　　ヽ　　 .＼ l　　 |l　 　 ', . ／:::| |ヽ　|ヽ　 ＿＿|:::::|_,,､-―''７　　|　∟,,|::|＿　√/|::/ |:||:::L　／:|<br>.　　　　 　 　 　 　 　 _,.へ＞─ｒ'　　 ､ﾉ　 ／　 ｿノ 　 {　 　 ／..:::::::| |:::| .|:::|　 ）:::::::::::::::_,,､-―''´　　 |::――-;::/ /,,::::::::/. |/７/ 〈:::::::|<br>　　　　　　 ＿　 ＜　　 　 ＼l │　＿　イ l　　/l　＿　l　 ;''´.:::::::::::::| |:::| .|::|　 二二l:::::|＿＿＿　　　 ヽl　　/.:/ ｀´｀７/　　 i/　　.＼:::l<br>　　　￣￣　 　 　 　ト､___ 　 ＞ｘ　 　 　 　 ／､ ｌ'￣ 　|.....|::::::::/|:::::| .|:/　|/　/.::::::::::::::::::::::::::.／―''７　　 ∠-''　　　// 　 　 　 　 　.∨　　_､-''７<br>　　　　　　 　 　 　 /　　　￣フ「　｀＞ ‐- 'ヽ　　l　__　 |....|:::／ |:::::|　 　　　　￣￣｀|::::|　　　ﾆﾆコ::!―i　 　　　　／´　　　 　 　 　 __､-'''ﾞ´:::,､-ﾞ<br>　　　　　　　　　 　 〉　　 ￣／ﾉ　　|　〈　　　',　 ,!´￣　l　|/　 .|:::::::i　 　　　 　　　　|::::| 　　|,,;;;,､-''''ﾞﾞ´　　　　　 　 　　　　 l￣￣ﾞﾞ´:::::::,､-ﾞ´<br>　　　　　　　　　 　 |　 　 ／　'７　　＼ ｀ヽ　 ＼´l ____　!ノ /　|::::::::::::|　　　 　 　 　 |::/ 　　　　　　　　　　　　　　 　　　　　|:::::::::::,,､-''´<br>　　　　　　　　　　　l　　　　 ＿L,-─-､ヽ　＼＿_|ｌ　　ｌ |.　　 |::::::| |::::::|　　　　　　　　　　　　　　　　　　　　　　　　　　　　 .|,,､-''´<br>.　　　　　　　　　 　 l　　 ／ /　　￣￣ヽ ｀￣ 　 .|ｌ 　 | |. 　 |::::::::|　|::::::::|<br>　　　　　　　　 　 　 l　 /　.〈　　ﾉ＿＿,ﾉ　　　 　 ヽニ´ﾉ......|:::::::::|　 |:::::::::|<br>　　　　　　　　　　　　　　　　　　　　　　　　　　　　　 　 　 |::::::::::|　　|／´<br>　　　　　　　　　　　　　　　　　　　　　　　　　　　　　　 　 |:::::::::::|<br>　　　　　　　　　　　　　　　　　　　　　　　　　　　　　　 　 ＼:::::::|<br>　　　　　　　　　　　　　　　　　　　　　　　 　 　 　 　 　 　 　 ＼;|<br><br><br>.<br>
8	◆kf7uIt1hRTUk	""	2017/11/24(Fri) 00:02:02 ID:54b9e56d	<br>　 ┏━　　　　　　　　　　　　　　　　　　　　　　　　　　　　　　　　　　　　　　　　　　　　　 　 　 　 　 　 　 　 ━┓<br>┏┛|￣　　　　　　　　　 　 　 　 　 　 　 　 　　　　　　　　　　　　　　　　　　　　　　　　　　　　　 　 　 　 　 ￣|┗┓<br>┃|￣　　　　　　　　　 　 　 　 　 　 　 　 　 　　　　　　　　　　　　　　　　　　　　　　　　　　　　　 　 　 　 　 　 ￣|┃<br>┃|　　　　　　　　　　　　　　　　　　　　　　　　　　　　　　　　　　　　　　　　　　　　　　　　　　　　　 　 　 　 　 　 |┃<br>┃|　　　　　　　　　　　　　　　　　　　　　　　　　　　　　　　　　　　　　　　　　　　　　　　　　　　　　 　 　 　 　 　 |┃<br>┃|　　　　　　　　　　　　　　　　　　　　　　　　　　　　　　　　　　　　　　　　　　　　　　　　　　　　　 　 　 　 　 　 |┃<br>┃|　　　　　　　　　　　　　　　　　　　　　　　　　　　　　　　　　　　　　　　　　　　　　　　　　　　　　 　 　 　 　 　 |┃<br>┃|　　　　　　　　　　　　　　　　　　　　　　　　　　　　　　　　　　　　　　　　　　　　　　　　　　　　　 　 　 　 　 　 |┃<br>┃|　　　　　　　　　　　　　　　　　　　　　　　 岸辺露伴は動かない　　　　　　　　　　　　　　　　　　　　　　　　 |┃<br>┃|　　　　　　　　　　　　　　　　　　　　　　　　　　　　　　　　　　　　　　　　　　　　　　　　　　　　　 　 　 　 　 　 |┃<br>┃|　　　　　　　　　　　　　　　　　　　　　　　　　　　　　　　　　　　　　　　　　　　　　　　　　　　　　 　 　 　 　 　 |┃<br>┃|　　　　　　　　　　　　　　　　　　　　　　　　　　　　　　　　　　　　　　　　　　　　　　　　　　　　　 　 　 　 　 　 |┃<br>┃|　　　　　　　　　　　　　　　　　　 　　　　 　 エピソード：自殺森　　　　　　　　　　　　　　　　 　 　 　 　 　 　 |┃<br>┃|　　　　　　　　　　　　　　　　　　　　　　　　　　　　　　　　　　　　　　　　　　　　　　　　　　　　　 　 　 　 　 　 |┃<br>┃|　　　　　　　　　　　　　　　　　　　　　　　　　　　　　　　　　　　　　　　　　　　　　　　　　　　　　 　 　 　 　 　 |┃<br>┃|　　　　　　　　　　　　　　　　　　　　　　　　　　　　　　　　　　　　　　　　　　　　　　　　　　　　　 　 　 　 　 　 |┃<br>┃|　　　　　　　　　　　　　　　　　　　　　　　　　　　　　　　　　　　　　　　　　　　　　　　　　　　　　 　 　 　 　 　 |┃<br>┃|.　　　　　　　　　　　　　　　　　　　　　　　　　　　　　　　　　　　　　　　　　　　　　　　　　　　　　　　　　　　　 |┃<br>┃|＿　　　　　　　　　 　 　 　 　 　 　 　 　 　　　　　　　　　　　　　　　　　　　　　　　　　　　　　 　 　 　 　 　 ＿|┃<br>┗┓|＿　　　　　　　　　 　 　 　 　 　 　 　 　　　　　　　　　　　　　　　　　　　　　　　　　　　　　 　 　 　 　 ＿|┏┛<br>　 ┗━　　　　　　　　　　　　　　　　　　　　　　　　　　　　　　　　　　　　　　　　　　　　　 　 　 　 　 　 　 　 ━┛<br><br><br>.<br>
9	◆kf7uIt1hRTUk	""	2017/11/24(Fri) 00:02:12 ID:54b9e56d	<br>　　　　　　　　　　　　　　　　　 __x≦二≧x.＿<br>　　　　　　　　　　　　　　 x≦´ﾂ/＼,､三三三三ミ<br>　　　　　　　　　　　　　　ﾉ川/｀´ 　　 ＼/＼,､三ﾐ}<br>　　　　　　　　　　　　　　｀Y´　 ,､_,へ､　　　　∨|ﾂ<br>　　　　　　　　　　　　　　　|∧/ イrf赱⌒し'⌒ヽ/　　　　ぼくの名は岸辺露伴　漫画家だ<br>　　　　　　　　　　　　　　　|/rｬ}　 ￣　　　|　)ﾘ/ｌ}　　　　<br>　　　　　　　　　　　　　　 ∧｀く　,　　　 　 i　{/ V　　　　 自殺の名所のこの森に「自殺死体」を見に来たんだが<br>　　　　　　　　　 　 　 　 　 ∧　r==､ 　 　 !　}円ﾍ　　　　雨に降られちまってね<br>　　　　　　　　　　　　　　　　∧ ｀rク　　　　/ ∨ ﾍ<br>　　　　　　　　　　　　 　 　 　 ∧ｰ一'　　　　/　　∧<br>　　　　　　　　　　　　　　　　円　 ーr＜,　＜´￣￣ﾉ⌒i__<br>　　　　　　　　　　　　　　　　∨　　fｌ|O　　　＿,　イ　 ´ 人_,　─┐<br>　　　　　　　　　　　　　　　　＿_r‐ﾉｌ|＞　´　　　　　　　 ／ 　 　 l{<br>　　　　　　　　　　　　　　 ／　　 ／´　　　　　　　､､_i_i__　　　　 ,八<br>　　　　　　　　　　　 　 ／　　 ／Oﾆ　　 　 　, -､ｌ⌒iMK　　 　 //∧<br>　　　　　　　　　　　 __ﾉ　　／O　　　　 　　 r|ー |　├く^　　　　 　 ∧<br>　　　　　　　　　　 /　 O ./＼＼　　　　　_,/ { 　 {-　}__∨　　　　　　ﾉ<br>　　　　　　　 　 ／O　, イ　　∧==　　　//__ |_.　l-　| 　 ∨＿　　／<br>　　　　 　 　 ／ ,　＜ /＿＿＿',== 　 // 　.ﾉ　〈　　|　　 }　　 イ{<br>　 　 　 　 ／／　　　/　　　　　 }＿　 { {　　　　　　　　／　　　／<br>　　　　　/ /　　　　/＿＿＿　 人 　 人　ｰ　__,　 ｰ／}｀ヽ一'´&gt;<br><br><br><br><br>　　　 ヽ　 　 　 {:个ｰ: : :＼　　　r .;　　　; : :j: :.}⌒ヾ⌒　ヽ<br>　　　 　 ＼　 　ヾ:{⌒＼: : : .、 　´ 　 ／: : /: / 　 　 /<br>　　　　　　 ＼　　　　 　 : : : :ｉ　ｰ=イ: : : :./／ 　 　 /　　　<br>. 　 　 　 　 　 ＼ 　 　 　 !: ::ｉ| 　　 ＼: : :jﾘ、　 　 ./　　　γ´￣￣￣￣￣￣￣￣￣￣￣￣￣￣￣￣￣￣￣￣￣￣￣￣￣｀ヽ<br>.　　　　　　 　 　 ヽ　　　 |: ::ﾘ}　　　　）::/＼＼　 /.　　 　 |　雨の中に追い出そうなんて薄情なヤツはいないだろうけど　 　 .|<br>.　　　　 　 　 　 　 ‘， 　 |: / L..　-‐/j/　　 }　ヽ{ 　 　 　 ゝ＿＿＿＿＿＿＿＿＿＿＿＿＿＿＿＿＿＿＿＿＿＿＿＿_____,乂<br>　　　　　　　　 　 　 {　　 j/ヽfｰ-‐'￣r=水ア　 ‘，<br>　　　　　　　　　　　人｀ヽ　　}　　　 　〃　ヾ<br>　　　　　 　 　 　 　 　 ヽ}　 /　　　 ／ 　 　 )） 　　i　　　　γ´￣￣￣￣￣￣￣￣￣￣￣￣￣￣￣￣￣￣￣￣￣￣｀ヽ<br>　　　　　　　　　　　　　　V/　　 ,／　　　　〃　　 ﾉ..　　　　|　話すのが面倒だったんで「本」にさせてもらったんだ　　...|<br>　　　　　　　　 　 　 　 　 〈　　〃　　　 　 　　　　{.　　　　　ゝ＿＿＿＿＿＿＿＿＿＿＿＿＿＿＿＿＿＿＿＿＿＿__,ノ<br>　　　　　　　　　　　　　　　}＼{i　　 　 　 　 ／　 j<br>　　　　　　　　　　　　　　　i⌒　　　　 　 ／　　 r'<br>　　　　　　　　　　　　　　　}／　　　　-‐ 　/　　}<br>　　　　　　　　　　　 　 　r/　　　　　　　　/　　 j<br>　　　 　 　 　 　 　 　 　 /　　　　　　 　 -=ﾆ二{<br>　　　　　　　　　　　f´￣¨¨　　三二ﾆ=- 　 　/ 〉<br>　　　　　 　 　 　 　 }＼　ヾﾆ=-　　　ｰ=ｧ　 ,/ ＼　＿　 -‐=ｧｧ　――……=-<br>　　　　　　　　　　 /l 　 ＼ ＼　　　　／　　　　／￣　　,ィ彡'　　　　　　　　 　 　 　 ｀ヽ<br>　　 　 　 　 　 　 /　　　　 ヽ　` ‐-　 　 　 　 　 __,＞::/´　　　　　　　　　　　　　　　　　 ‘，<br>　　　　　　　　　 ;　　　　　　　　　　　 ,ィ-=ﾆ二:::::::::::/　　　　　　　　　　　　　　　　　　 　 }<br><br><br><br>.<br>
10	◆kf7uIt1hRTUk	""	2017/11/24(Fri) 00:02:22 ID:54b9e56d	<br>.　　　　　　 　 　 ‐=ﾆ二三三三三三三三三三＼<br>　　　 　 　 　 　 　 ＼三三三三三三三三三三三＼<br>　　　　　　　　　 　 ｀ﾐ三三三∧三三三三三三三三}ミ､<br>　　 　 　 　 　 　 ｰ=ﾆ二ﾊ/∨　∨ｰ=ﾆ三彡'三三三ﾉ三}<br>　　　　　　　　　　ミ三_厶‐く三＼∠__ |三三彡=--くﾉﾆｿ<br>　　　　　　　　　 　 ￣/⌒} }辷フ〔＿_｀ヽ ￣|　 　 ／｀V<br>　　　 　 　 　 　 　 　 {廴｢　　}´　弋ッう　＼|＿／}　 /　 　 おっと　お茶は出さなくていいぜ<br>　　｢￣￣＼＿_ ＿__/ ﾉ７　 /　　　＾￣　　 __,化__ﾚ'/　　　 自前のがあるんでね<br>..　　＿____/　／ /／{丙〈　　　　　　　　　　{ ｢ドｸ/´}<br>　　∧　　 　 |　 {　　 ∨∧　　 　 　 弋ト__ﾉ{　l//｀/　　　　 「真空断熱式」で６時間前に注いだ紅茶がアツアツのまま飲めるんだ<br>　　　 ＼　　 |　 | 　 　 /　　　　　 r‐＿ r―{　l/｀/<br>　　　　　}　　|　 |　　　′　　 　 　 ｀|ヽ ￣| |　|｀/　　　　　　さて、雨宿りの他にもう一つ用があるんだ<br>.　　 　 /　　 |　 |　　 ｉ　　　　ト 　 _ |__〔__ | | │{<br>　　　　{　　　|　 |　　 l　 　 ,ノ￣l ／￣　 ﾉﾉ ,ﾉ ﾉ　　　　　<br>　　 ＿__　　 ∨∧　　l 　 /　__／　　　 　 　 ／<br>..　　　￣＼　 ∨∧　 ＼　　| { 　 　 　 　 ／<br>...　＿＿　 {　　∨∧__／＼ |ﾄ＼＿＿___/}　＼<br><br><br><br><br>.<br>
11	◆kf7uIt1hRTUk	""	2017/11/24(Fri) 00:02:33 ID:54b9e56d	<br>:ヾゞ;;ゞ:;ヾ:ヾ;;&gt;;ゞヾ;ゞゞノヾゞ:ヾヾ　　　/;;ゞ:;ヾ:ヾ;;&gt;;ゞ　　 |ii;ゞ:;ヾ:ヾ;;&gt;;ゞヾ;ゞヾ:ヾ<br>ﾉ;;ヾ　ヾゞヾ;ゞゞノヾゞ:ヾヾ　ヾゞ;|　　&lt;;;/::ヾゞ;;ゞ:;ヾ:ヾ;;&gt;;ゞ;;::iiゞゞ;;ゞゞ;;ゞヾ;;&gt;;ゞヾ;ゞ<br>ゞヾ　;ゞゞ;ゞiilヾ;ゞゞﾞゞ;;:::iｉ|　　|;:ヾゞ 　 &quot;ヾゞヾ;ゞゞノヾゞ:ヾヾiii|　&lt;:;ヾ:ヾ;;&gt;ヾ;ゞ'';ゞヾ;ゞ<br>|;:ilヾ ＼　|::;ii|　　　ヾ;ゞゞ''ノヾ|;:i|　　　　ノヾゞ:ヾヾ::ヾ＼　|i;;:iii|　/;;ゞ :;ヾ:,　　　　|i;ゞゞ<br>|;:i| 　＼`'';:::ii| ヾ:ヾ;;&gt;;ゞヾ|　　|;:i|／＾　　　　'|i|　　|;:i| ＼｀&quot;;;::ii|　ﾉ / :ヾ;;&gt;ヾ;ゞ　;ゞヾゞ<br>|;:i|　 　ﾞヽ,;:;;;l| /ﾞ;ゞゞ;ゞ:::ii|　　|;:i| 　　　　　　|i|　　|;:i| 　 ~|ii;;:ii&quot;´／　|;;::iｉ|　　　　|i|／<br>|;:i| 　　　 |:::;iii~ ﾉ　　,,|;;::iｉ|　　|;:i| 　　　　　　|i|　　|;:i| 　　|i::;;iii|~　　 .|;;::iｉ|　　''＼|i|<br>':;,`:ヽ|／,'|:;:;ii|:,:;*.,:;/.:::;.:&quot;:::&quot;''''⌒ヾゞ　　　γ''&quot;&quot;&quot;''&quot;&quot;''&quot;' |ii;;i;(''）''&quot;''''&quot;&quot;&quot;''&quot;&quot;&quot;'''''&quot;&quot;&quot;''<br>&quot;；*'.:.:;”:;ﾞ|:;;iii|`:;,':,*”:;:;.,:;.:；'.:.:;”:;ヾヾ))　　(（,:ｿﾐ;.:';';';::;.:&quot;. |i;;;::;iii|`:;,':,:;.,:;.:;';',:　':::;.:&quot;.:;.:';<br>.:;”:`:;,' *”|:;,r-; ;*.,:;/.:::;,':,*”:;:;.,:;.:；'.:ソ　　　 &quot;''~`''&quot;ﾞ&quot;'''~ノ;;ii;:iilli;ゝ&quot;''~`''&quot;ﾞ&quot;''~`''&quot;ﾞ&quot;''~ﾞ<br>&quot;''~`''&quot;ﾞ.,r'´;;;`､;`ゝ,ﾞ`''&quot;ﾞ&quot;''~`''&quot;ﾞ&quot;''~　　　　　γ´￣￣￣￣￣￣￣￣￣￣￣￣￣￣￣￣￣￣￣￣￣￣｀ヽ<br>　　 ,／;;;`､;;;`､;;;`､;`ゝ, 　 　 　 　 　 　 　 '&quot; |　この「自殺森」で君がどうやって暮らしてるか知りたい　　|<br>　／;;;`､;;;`､;;;`､;;;`､;;;`､ゝ,.　　　　 　 　 　 　 ゝ＿＿＿＿＿＿＿＿＿＿＿＿＿＿＿＿＿＿＿＿＿_＿_,ノ<br>ぐ;;;`､;;;`､;;;`､;;;`､;;;`､;;;`､::;'ｧ..&quot;&quot;<br>;; |　　　　　　＿＿＿__｜.:|　　　　　 ,..,.,.,.,、　　　　　　　　''&quot;&quot;&quot;~<br>）.|　　　　　　|＿|＿|＿||ヾ|<br>;; |　　　　　　|　 |　 |　 ||..::|.　 iijww､ii.　　　　　　　&quot;&quot;&quot;~&quot;　　　　　　　　　　　''&quot;&quot;&quot;~<br>　|　　　　　　 ￣￣￣ ｜.:|　　　　　　　　　　　　　　　　　　　 　 ,..,.,.,.,、<br><br><br><br>.<br>
12	◆kf7uIt1hRTUk	""	2017/11/24(Fri) 00:02:43 ID:54b9e56d	<br>　　　　　　　　　　　　x≦三三三ﾐ､<br>　　　　　　　　　　_／三三三三三ﾊ<br>　　　　　　 　　 ノ彡三三三三三三し!<br>　　　　　　　／彡ｲ三三三三三三三ﾉ<br>　　　　　　　&gt;彡イ三三三彡イ,､∧∧　　　　 　 　 　 　 　 　 雨が止むまでの間 君を読ませてもらうぜ<br>　　　　　 ≦三三三三彡::::/∨: : : : ::}＿＿＿_／＼<br>　　　　　　　＼三{∨∨＼/: : : : : :/V|ﾊ　　　　｀ヽ　＼　　　　申し訳ないが芸術追求のためだ<br>　　　　　　　　　　∨: : : : : ::,､: :/l/, ィVﾉ　　　 　 ∧　｜<br>　　　　　　　　 ／ rV∨＼/_ ｀'イfGﾉ |へ　 　 　 　 '，_}＿＿＿<br>　　　　　　　_ノ　 ∧ﾍ弋fGﾉ}　　 　 　|　 }ｦ∧　　　 |　　　　　　　￣￣｀　　 ､<br>　　　　　／　　　　　T＼　　　 }_〉,ｨ　/　/ / | '， 　　!　　　　　　　 /　　 　 　 }<br>　　　／⌒＞ ､　　　}ﾌ　{＼　≦イ ./　/　|-i{}i-!　　 }　　 　 　 　 /　　　　　　'<br>　　/　　　　　　＞､　　　　　＞　__/ｰ/ 　 ! 　 ｜ 　,' 　 　 　 ヽ|/　　　　 　 /<br>　 ,'　　　　　　＼ 　＼---＜ィl　 ＼/ﾊ 　 ￣￣ 　/　,. --──{　　　　　　,'<br>　 {　　　 　 　 　 ＼　∧ニ}ニ !　　　} ∧　　　　　}／　　　　　｜ 　 　 　 /<br>　 |　　　　　　　　　｀＞ }コ 夕､　　　|　∧　　　　,'　 　 　 　 　 ! 　 　 　 '<br>.　 ＼　　　　　　　　　 　｀ヽ ロ　　　 |　 ∧　 　./|　　　　 　 　 |　　　　/<br>　　　 ＼　　　　　　　　　　　＼ 　 　 |　 　}　　/ ﾉ　 　 　 　 　 }　　　./<br><br><br><br>.<br>
13	普通のやる夫さん	sage	2017/11/24(Fri) 00:02:52 ID:3d7fbe50	まさかの題材！！
14	◆kf7uIt1hRTUk	""	2017/11/24(Fri) 00:02:53 ID:54b9e56d	<br><br><br>　　　　　　　　　　　 　 　 　 □<br>　　　　　　　　　　　　　　　 ┌─┐<br>　　　　　　　　　　　　　　　 └─┘<br>　　　　　　　　　　　　　　　┌───┐<br>　　　　　　　　　　　　　　　└───┘<br>　 　 　 　 　 　 　 　 　 　 ┌─────┐<br>　 　 　 　 　 　 　 　 　 ┌┼─────┼──┐<br>　 　 　 　 　 　 　 　 　 │└─────┘　 　 │<br>　 　 　 　 　 　 　 ┌─┼─────────┼───┐<br>　 　 　 　 　 　 　 │　 └─────────┘　 　 　 │<br>　 　 　 　 　 　 　 │　　　　　　　　　　　　　　　　　 　 　 　 │<br>　 　 　 　 　 　 　 └───────────────┘<br><br><br><br>.<br>
15	◆kf7uIt1hRTUk	""	2017/11/24(Fri) 00:03:03 ID:54b9e56d	<br>:ヾゞ;;ゞ:;ヾ:ヾ;;&gt;;ゞヾ;ゞゞノヾゞ:ヾヾ　　　/;;ゞ:;ヾ:ヾ;;&gt;;ゞ　　 |ii;ゞ:;ヾ:ヾ;;&gt;;ゞヾ;ゞヾ:ヾ<br>ﾉ;;ヾ　ヾゞヾ;ゞゞノヾゞ:ヾヾ　ヾゞ;|　　&lt;;;/::ヾゞ;;ゞ:;ヾ:ヾ;;&gt;;ゞ;;::iiゞゞ;;ゞゞ;;ゞヾ;;&gt;;ゞヾ;ゞ<br>ゞヾ　;ゞゞ;ゞiilヾ;ゞゞﾞゞ;;:::iｉ|　　|;:ヾゞ 　 &quot;ヾゞヾ;ゞゞノヾゞ:ヾヾiii|　&lt;:;ヾ:ヾ;;&gt;ヾ;ゞ'';ゞヾ;ゞ<br>|;:ilヾ ＼　|::;ii|　　　ヾ;ゞゞ''ノヾ|;:i|　　　　ノヾゞ:ヾヾ::ヾ＼　|i;;:iii|　/;;ゞ :;ヾ:,　　　　|i;ゞゞ<br>|;:i| 　＼`'';:::ii| ヾ:ヾ;;&gt;;ゞヾ|　　|;:i|／＾　　　　'|i|　　|;:i| ＼｀&quot;;;::ii|　ﾉ / :ヾ;;&gt;ヾ;ゞ　;ゞヾゞ<br>|;:i|　 　ﾞヽ,;:;;;l| /ﾞ;ゞゞ;ゞ:::ii|　　|;:i| 　　　　　　|i|　　|;:i| 　 ~|ii;;:ii&quot;´／　|;;::iｉ|　　　　|i|／<br>|;:i| 　　　 |:::;iii~ ﾉ　　,,|;;::iｉ|　　|;:i| 　　　　　　|i|　　|;:i| 　　|i::;;iii|~　　 .|;;::iｉ|　　''＼|i|<br>':;,`:ヽ|／,'|:;:;ii|:,:;*.,:;/.:::;.:&quot;:::&quot;''''⌒ヾゞ　　　γ''&quot;&quot;&quot;''&quot;&quot;''&quot;' |ii;;i;(''）''&quot;''''&quot;&quot;&quot;''&quot;&quot;&quot;'''''&quot;&quot;&quot;''<br>&quot;；*'.:.:;”:;ﾞ|:;;iii|`:;,':,*”:;:;.,:;.:；'.:.:;”:;ヾヾ))　　(... : :.:.:.:.:.:.:.:.:.:.:.:.:.:.:.:.:.:.:.:.:.:.:.:.:.:.:.:.:.:.:.:.:.:.:.:.:.:.:.:. : .<br>.:;”:`:;,' *”|:;,r-; ;*.,:;/.:::;,':,*”:;:;.,:;.:；'.:ソ. 　 . : :　物心ついたときにはこの森で　 　 　 . : : .<br>&quot;''~`''&quot;ﾞ.,r'´;;;`､;`ゝ,ﾞ`''&quot;ﾞ&quot;''~`''&quot;ﾞ&quot;''~. 　 　 . : :　自殺死体を食べて生きていました　　.: : .<br>　　 ,／;;;`､;;;`､;;;`､;`ゝ, 　 　 　 　 　 　 　 ' : : :.:.:.:.:.:.:.:.:.:.:.:.:.:.:.:.:.:.:.:.:.:.:.:.:.:.:.:.:.:.:.:.:.:.:.:.:.:.:.:. : :<br>　／;;;`､;;;`､;;;`､;;;`､;;;`､ゝ,　　　　　　　　　　　　　　　　　　　　　　　　　　 ,..,.,.,.,、<br>ぐ;;;`､;;;`､;;;`､;;;`､;;;`､;;;`､::;'ｧ..&quot;&quot;<br>;; |　　　　　　＿＿＿__｜.:|　　　　　 ,..,.,.,.,、　　　　　 , ´￣｀ヽ..~<br>）.|　　　　　　|＿|＿|＿||ヾ|　　　　 　 　 　 　 　 　 ∠ﾘ ﾉﾉﾊ))）ゝ<br>;; |　　　　　　|　 |　 |　 ||..::|.　 iijww､ii.　　　　　　　&quot;..|i ﾘﾟ ヮﾟﾉi|　　　 　 　 　 ''&quot;&quot;&quot;~<br>　|　　　　　　 ￣￣￣ ｜.:|　　　　　 　 　 　 　 　 　 |⊂).ﾟiﾟiつ　..,..,.,.,.,、<br>　　　　　　　　　　　　　　　　　　 　 　 　 　 　 　 　 ﾉﾉ く._ﾊ〉ﾘ<br>　　　　　　　　　　　　　　　　　　　　　　 　 　 　 　 　 　 し'ﾉ<br><br><br>.<br>
16	◆kf7uIt1hRTUk	""	2017/11/24(Fri) 00:03:13 ID:54b9e56d	<br>　　　　　 　 　 .／.: : : : : :. :. :. :.| |:.:.:. :.|　 |.: : : :.{＼ : : : : : : : : :|: : :.|: : : : : : : : : :.＼<br>　　 　 　 　 .／.: : : : : : : :.:{: : : :| |:＿__|__人: : :.人__＼.: : : :. :. :.|: : :.|.: : : : : : : : : :. :.:＼<br>　 　 　 -=彡 -～― ―┐|: : : :| |:.:.:. :.|　　 ＼ : : ＼　＼: : : : :.|: : :.|:::::::┌　―一～ｰへ<br>　　　　　　　　　 　 　 　 }::|: : : :l,从从ﾘ　　　　＼ : : ＼　＼ : : |: : :.|:::::::::|<br>　　　　　　　　　 　 　 　 |::|: : : :| ｨf竓芋ミ　　 　 　 ｨf竓芋ミﾒ |: : :.|:::::::::|<br>　　　　　　　　　 　 　 　 |::|: : : :|《 ん冗ﾊ　　 　 　 　 ん冗ﾊ 》 ! : : |:::::::::|<br>　　　　　　　　　 　 　 　 |::|: : : :l　弋辷ソ　　　　　　 弋辷ソ　 |: : :.|:::::::::|<br>　　　　　　　　　 　 　 　 |::|: : : :|､／:/:／:/ : 　 ,　　 ／:/:／: /.! : : |:::::::::|　　　　. : :.:.:.:.:.:.:.:.:.:.:.:.:.:.:.:.:.:.:.:.:.:.:.:.:.:.:.:.:.:.:.:.:.:.:.:.:.:.:.:.:.:.:.:.:.:.:.:.:. : .<br>　　　　　　　　　 　 　 　 |::|: : : :|∧　　　　　　　　　　　　　　/:│: : |:::::::::|　　　. : :　　特に好みというわけではありませんが　　　...: : .<br>　　　　　　　　　 　 　 　 |::|: : : :| :∧　　　　r=====┐　　　/ :: |: : :.|:::::::::|　　　. : :　　旬が無く、採るのが比較的楽だからです　　.: : .<br>　　　　　　　　　 　 　 　 |::|: : : :| :::: ＼　 　 `{:::::::::}'　 　 ／::::::::|: : :.|:::::::::|　　　　: : :.:.:.:.:.:.:.:.:.:.:.:.:.:.:.:.:.:.:.:.:.:.:.:.:.:.:.:.:.:.:.:.:.:.:.:.:.:.:.:.:.:.:.:.:.:.:.:.:. : :<br>　　　　　　　　　 　 　 　 |::|: : : :| ::::::::::::＞　　｀ー´ij　 イ ::::::::::::|: : :.|:::::::::|<br>　　　　　　　　　 　 　 　 |::|: : : :| ::::::::::::::: }　u≧‐≦ 　 |::::::::::::: |: : :.|:::::::::|<br>　　　　　　　　　 　 　 ＿|::| : : │::::::::::::: ﾉ　　　　 　 　 |::::::::::::: |: : :.|:::::::::|<br>　　　　　　 　 　 　 ／　　 |: : : :|-==≦三三ﾆ=～ﾆ三彡==ミ､ |: : :.|:::::::::|<br>　　　　　 　 　 　 ./　　 　 |:／ )/　)ヽ三ニニニニニ三(＼(＼ヘー―--ﾐ<br>　　　　　　　　 　 { 　 　 ／ ／/　/ /,ﾍ三三三三三.(＼＼＼ ＼.＼ 　 　 ヽ<br>　　　　　　　　 　 |　　　:{　 |　|　 |　||　|三三三三三=＼＼}　}}　}}　}　　　　}<br>　　　　　　　　 　 |　　　:| 　{　|　 |　||　|三三三三三ニ=}　}　 |　ll　.}　　　　|<br>　　　　　　　　 　 |　 　 :{　 ヽ ヽ ヽ 　 .|三三三三三ニ=}　　　　　　}　　　　|<br>　　　　　　　　　　| 　 　 ヽ　　 　 　 　 |三三ニニニﾆ三|　 　 　 　/.　　 　 |<br>　 　 　 　 　 　 　 ! 　　　　＼　　 　 　.|三ニニニﾆ三三{　　　　／}　　　　 !<br><br><br><br>.<br>
17	◆kf7uIt1hRTUk	""	2017/11/24(Fri) 00:03:23 ID:54b9e56d	<br>　　　　　　　 　 　 　 　 　 　 |:|<br>　　　　　　　 　 　 　 　 　 　 |:|<br>　　　　　　　 　 　 　 　 　 　 |:|<br>　　　　　　　 　 　 　＿_　 　 |:|<br>　　 　 　 　 　 ＞''&quot;:::::::::&quot;''＜|:|<br>.　　　　 　 　 /::/:::::::::::::::::::: fミ}^<br>　　　　　　　;′′:::::::::}::i::::: {ミ}<br>　　　　　 　 |:::|::|:|::r-.､!::}::: /ミ｝<br>　　 　 　 　 从::川::ﾄﾐy::,.斗‐ﾍ:|<br>　　　　　　　　 ″ﾞ ／::/:;:;:y;:;:;:∨　　　　<br>　　　　　　　　　 ./::::::〈;:;:;:;:};:;:;:;: ',　　　　　. : :.:.:.:.:.:.:.:.:.:.:.:.:.:.:.:.:.:.:.:.:.:.:.:.:.:.:.:.:.:. : .<br>　　　　　　　　　/::::::::::|　 .「;:;:;:;:;:;:i.　　　 . : :　　老いも若きも、男も女も　　: : .<br>　　　　　　　　　}:/}/^i:!　 .!:;:;:;:;:;:;:|..　　　　: : :.:.:.:.:.:.:.:.:.:.:.:.:.:.:.:.:.:.:.:.:.:.:.:.:.:.:.:.:.:. : :<br>　　　　　　　　　 ／　;:|　 .|:;:;:;:;:;:;:;|<br>　　　　　　　　　　　 ;:;j　 〈;:;:;:;:;:;:; |<br>　　　　　　　　　 　 〈;:| ､､ 〉:;:;:;:;:;: !<br>　　　　　　　　　　　 ⌒「´￣「＾「<br>　　　　　　　　　　　　　|　　 |. ｜<br>　　　　　　　　　　　　　|　　 |. ｜<br>　　　　　　　　　　　　　|　　 |. ｜<br>　 　 　 　 　 　 　 　 　 }　　 |. 〈<br>　 　 　 　 　 　 　 　 　 {　　 ）　）<br>　　　　　　　 　 　 　 　 |　 「、ｲ<br>　　　　　　　　　　 　 　 ゝ ''&quot;<br><br><br><br>　　　　　　　　　　　　　　　　　　　,,､､､､<br>　　　　　　　　　　　　　　　　 ,ィ ´; :;: . ..:;｀ﾞ;;､<br>　　　　　　　　　　　　　　　 〃 ´`ﾞﾞﾞﾞﾞ´´　;:;:ミ;;､<br>　　　　　　　　　　　　　　　jji;: ,, .;,　　.:ﾞ,;,;ﾞﾞ,;ﾞﾞ} '.;.<br>　　　　　　　　　　　　　　　jii!､､､,,　 ,ｨｲ‐ｯ､,,,} ;:;:i<br>　　　　　　　　　　　　　　　';;;:｀''''~;　　.´￣｀　}; :{　　　　　　　　　. : :.:.:.:.:.:.:.:.:.:.:.:.:.:.:.:.:.:.:.:.:.:.:.:.:.:.:.:.:.:.:.:.:.:.:.:.:.:.:.:.:.:.:.:.:.:.:. : .<br>　　　　　　　　　　　　　　　 ji;;',　,ゝ‐''´　 .:;'　,ﾊ;.}　　　 　 　 　 . : :　　好き嫌いがあるわけではありませんが　　.: : .<br>　　　　　　　　　　　　　　　　',',　;;; ==- ､　;　　jﾘ　　　　　　　　. : :　　食への喜びもまた存在しませんでした 　 . : : .<br>　　　　　　　　　　　　　　　　 ',;', ヾ;;;;;;;;;;;;j .j　i'´.　　　　　　 　 　 : : :.:.:.:.:.:.:.:.:.:.:.:.:.:.:.:.:.:.:.:.:.:.:.:.:.:.:.:.:.:.:.:.:.:.:.:.:.:.:.:.:.:.:.:.:.:.:. : :<br>　　　　　　　　　　　　　　　　　;;;;,　｀こﾞﾞ´　j ﾊ<br>　　　　　　　　　　　　　　　　　 ;:;;;;;､､,,,.....,.ｲ　　ﾄ､;:;:､<br>　　　　　　　　　　　　 ,..ィ´::::::ヽ＼;:;:､ ...::/　　 /　ヽヾ＼､､<br>　　　　　　　　　　,.: .:.:.:::::::ﾞ､.::::::::.ヽ＼ V　　　/　　　　｀`ヾヽ､<br>　　　　　　,,.:.:ﾞﾞ´　 ｀ﾞﾞ ﾞ&quot;&quot; ｀;､　　　　　　　　/　　　 ｀ヽ､　 ミﾐヽ<br>　　　　　/;;;:;　　　　　　　　　｀;､ /´''''' ｀ヾ /　　　　　　　｀ヽ､ミﾐﾐヾ<br>　　　　 /;:;;　　　　　　　　　　　 .: ;　　　　ii ;,. ´ ￣ ﾆﾆﾆﾆｭ　　；：；｀ヾ､<br>　　　 ,,j;:;:,､　　　　jﾘ 　　　　　　 .:;　　　　li ..　　　　　　　　　　　　　　;:;ヾ､､<br>　　　/;:;:;:;:､　 j　;;; ,ｿ　　　　　　 : ;　　　　 i ;: ;　　　　; :; :;′　　　　; :;: ;;:;/〉ヽ<br>　　/.:;:;:;:;､　　,′;::;;:ﾚ′　　　. : 　;　　　　j.｡　　　　　; :; :;′　.: ;: ; :; ;;;;;//　　　ヽ<br>　/.:;:;:;;､　　　j　. :;::;ﾚ′　　 .: ;　　; ;　　 j　 j!　　　; :; ;　 ji!　　　; :; :;/:;//､､､<br><br><br><br>.<br>
18	◆kf7uIt1hRTUk	""	2017/11/24(Fri) 00:03:34 ID:54b9e56d	<br>　　　　　　　　　　　　　　　 ＿＿_<br>　　　　　　　　　　　　 ,: :´: : : : : : : ｀: .<br>　　　　　　　　　　　／: : : : : : : : : : : : :＼<br>　　　　　　　　　 ／: : : : : : : : : : / /: : : : }<br>　　　　　　　　／: : : : : : : : !: : : : :/:/ / : |<br>　　　　　　 ／: : : , : : : : : /| : : !:/:/ ∧ : |<br>　 　 　 　 / : : : :/: : : : : r ､ : : |: /!/　 }: :!<br>　　　　　/ ∠v'/: : : : : :∧ | : : !/ ﾐｭ､ / ﾘ<br>　　　　 '⌒'　 ,: : : : : : :,:::::Y!: : :|　　　〈 /'　　　　<br>　　　 　 　 　 i: : : : : : :|::::::!| : : |　 　 r' !　　　　　. : :.:.:.:.:.:.:.:.:.:.:.:.:.:.:.:.:.:.:.:.:.:.:.:.:.:.:.:.:.:.:.:.:.:.:.:.:.:.:.:.:.:.:.:.:.:.:.:.:.: : .<br>　　　 　 　 　 |: : : : : : :!:::::; !: : :ﾄ- イ: : | . 　 　 . : :　自殺死体を「採って」無くなるまで「食べる」　.....: : .<br>　　　 　 　 　 |: : : : : : :|:::ﾉ､!: : :!:::ﾉ |: : :!　　　　　: : :.:.:.:.:.:.:.:.:.:.:.:.:.:.:.:.:.:.:.:.:.:.:.:.:.:.:.:.:.:.:.:.:.:.:.:.:.:.:.:.:.:.:.:.:.:.:.:.:.:.:.: : :<br>　　　 　 　 　 |: : : : : :/⌒ヽ|: : :!'ー !: : :!<br>　　　　　　 　 | : : : : :　　　i !: : |ー'1: : :|<br>　　　　　　　　| : : : : i　 　 l !: : |　ｲﾄ､: :|　　　　　. : :.:.:.:.:.:.:.:.:.:.:.:.:.:.:.:.:.:.:.:.:.:.:.:.:.:.:.:.:.:.:.:.:.:.:.:.:.:.:.:.:.:.:.:.:.:.:.:.:.:.:.:.:.:.:.:.:. : .<br>　　　　　　　　| : : : : |　 　 ||!: :ﾘ {/!!´ヽ|　　　　. : :　私はそれを繰り返すだけの生活を送っていました　 . : : .<br>　　　　　　　　| : : : : |　 　 | !:/　 / ＼　}.　 　 　 : : :.:.:.:.:.:.:.:.:.:.:.:.:.:.:.:.:.:.:.:.:.:.:.:.:.:.:.:.:.:.:.:.:.:.:.:.:.:.:.:.:.:.:.:.:.:.:.:.:.:.:.:.:.:.:.:.:. : :<br>　　　　　　　　| : : : : |　 　 | l'　　i　 　 ＼<br>　　　　　　　　| : : : : |　 　 |ー　―‐　 ┤<br>　　　　　　　　| : : : : |　　　!　　　　　　 |<br>　　　　　　　　l: : : : : ! ､ 　,　　 　 　 　 |<br>　　　　　　　　i: : : : : l　　 {　　　　　 　 |<br>　　　　　　　　| : : : : :!　　 !　　 　 　 　 |<br>　　　　　 　 　 ､: : : : |　　 |　　　　　 　 |<br>　　　　　　　 　 ヽ : : |　　 |　　　　　 　 |<br>　　　　　　　　　　 ＼|　　,　　　　　　　 |<br>　　　　　　　　　　 　 |　　ヽ　　　　　　 ::.<br><br><br><br>.<br>
19	◆kf7uIt1hRTUk	""	2017/11/24(Fri) 00:03:44 ID:54b9e56d	<br>　　　　　　　　　　　　　　　　　　　　　　　　　　　　　　 -‐‐-<br>　　　　　　　　　　　　　　　　　　　　　 　 　 　 　 ／　　　　　　 ＼<br>　　　　　　　　　　　　　　　　　　　　　　　　　　 /　.:.:.::::::::::::::::.:.:.　 ﾞ<br>　　　　　　　　　　　　　　　 　 　 　 　 　 . : :.:.:.:.:.:.:.:.:.:.:.:.:.:.:.:.:.:.:.:.:.:.:.:.:.:.:.:. : .<br>　　　　　　　　　　　　　　 　 　 　 　 　 . : :　「その人」が来るまでは　 . : : .<br>　　　　　　　　　　　　　　　 　 　 　 　 　 : : :.:.:.:.:.:.:.:.:.:.:.:.:.:.:.:.:.:.:.:.:.:.:.:.:.:.:.:. : :<br>　　　　　　　　　　　　　　　　　　　　 　 　 　 　 　 &gt;　::::::::::::::::::　&lt;<br>　　　　　　　　　　　　　　　　　 　 　 　 　 　 　 ／　.:.::::::::::::::::::::.:　ヽ<br>　　　　　　　　　　　　　　　　　　　　　　 　 　 /　　.:.::::::::::::::::::::::.:　　'<br>　　　　　　　　　　　　　　　　　 　 　 　 　 　 /　　.:.:.::::::::::::::::::::::::.:.　　｀､<br>　　　　　　　　　　　　　　　　　　　　　　　　/　:;　:.:.:::::::::::::::::::::::::.:.<br>　　　　　　　　　　　　　　　　　　　　　　　　　:.:l　:.:.::::::::::::::::::::::::.:.:　　i<br>　　　　　　　　　　　　　　　　　　　　　　　 　 :.:|　:.:.:::::::::::::::::::::::::::.:.　｜　|<br>　　　　　　　　　　　　　　　　　　　　　　　 {　.::| 　:.::::::::::::::::::::::::::::.:. 　|　 }<br>　　　　　　　　　　　　　　　　　　　　 　 　 ヽ _ｸ　 :.::::::::::::::::::::::::::::.:　(r_ ﾉ<br>　　　　　　　　　　　　　　　　　　　　　　 　 　 | 　 :.:.::::::::::::::::::::::::.:.:　｜<br>　　　　　　　　　　　　　　　　　　　　　　　　　 '.　　:.:.:.:.::::::::::::::.:.:.:　　,<br>　　　　　　　　　　　　　　　　　　　　 　 　 　 　 ､　　:.:.:..:.:.:.:.:.:.:.:.:　 /<br>　　　　　　　　　　　　　　　　　　　　　　　　　　 {　　 ┬---┬　　,′<br>　　　　　　　　　　　　　　　　　　　 　 　 　 　 　 ',　　｜　 　 |　　,<br>　　　　　　　　　　　　　　　　　　　　　　　　　　　　 　 |　　　 |<br>　　　　　　　　　　　　　　　　　 　 　 　 　 　 　 　 } 　 |　　　｜　{<br>　　　　　　　　　　　　　　　　　　 　 　 　 　 　 　 ﾉ　　|　　　｜ 　ヽ<br>　　　　　　　　　　　　　　　　　　　　　　　　　 　 ` ー┘　　 └一 '<br><br><br><br>.<br>
20	◆kf7uIt1hRTUk	""	2017/11/24(Fri) 00:03:54 ID:54b9e56d	<br>　　　　　　　x=ﾆ三三三三三三三三三三三三三三三ﾆ=x<br>　　　 ｨ三三三三三三＞ニ＝=≦x三三三三三三三三三三三三<br>　　三三三三三三／´　 　 　 　 　.｀ﾞ＜三三三三三三三三三三三<br>　三三三三三ﾆﾞ/　　　　　 　　　　　　　＞ニ＝=三三三三三三三三<br>　三三三三三ﾆﾞ　 　 　 　 　 　　　　 ／　　　　　　｀ﾞ＜三三三三三三三三<br>三三三三三三{　　　 　　 　 　 　 ／′　　　　　　　　　　⌒ヾ三三三三三三　　　 . : :.:.:.:.:.:.:.:.:.:.:.:.:.:.:.:.:.:.:.:.:.:.:.:.:.:.:.:.:.:.:.:.:.:.:.:. : .<br>ﾞﾞ三三三三三∧　 　 　 　 　 　 /　　　　　　　　　　　　　　　　ﾞﾏ三三三三三..　　. : :　その人を見つけた時　　　　　　 　 : : .<br>三三三三三三∧　 　 　 　 　 /　　　　　　　　　　　　　　　　　　ﾞ≦三三三三. 　 . : :　生きてるとは思えませんでした　....: : .<br>'ﾞ三三三三三三∧、 　 　 　 /　　　　　　　　　　　　　⌒ヽ　　　　　｀ﾞゞ=三三 　 　 : : :.:.:.:.:.:.:.:.:.:.:.:.:.:.:.:.:.:.:.:.:.:.:.:.:.:.:.:.:.:.:.:.:.:.:.:. : :<br>　　三三三三三三z＞ニ＝圦　　　　 　　　　　　　　　　　 Vx､　　　　　　　}三<br>　　　ﾞ三三三三三三三三三ゞx　＼　　　　　　　　　　　 　 }三≧x　　　　 ﾉ三<br>　　　　　 　 　 三三三三三三ﾆヾx　＼　　 　 　 　 　 　 　 {三三≧三三三三<br>　　　　　　　　　　　　三三三三三ヾx_　ヽ　　　　　　　　　　V三三三三三三<br>　　　　　　　　　　　　 　 三三三三三≧ﾉﾉ≧x=ニ三{　　　　ー-=三三三三<br>　　　　　　　　　　　　　　　　　　三三三三三三三三&gt;x　　　　　　x}三三三<br>　　　　　　　　　　　　　　　　　　　　三三三三三三三三三三三三三三三<br><br><br><br>　　　　　　　　　　　　　　　　　 ｀ヽ､<br>　　　　　　　　　　(⌒)　　　 (⌒)　　｀<br>　　　　　　　　　 (⌒)　　　 (⌒)　　(⌒)..｀<br>　　　　　　(⌒)　　　　　ｎ　 　 　 　 　 　 (⌒)<br>　　　　　　　　　　(⌒)　(⌒)　../／　ｎ　　　　　 ｀ヽ<br>　　　　　‐-　..　　　ｎ　　　　 〃　　 　(⌒)　(⌒)　　ｎ　 ､.　　　　　　 　 　 　<br>　　　　　　　 　 ‐-　..　　 　 /ｎ　　(⌒)　(⌒)　　 　 　 　 .＼　 　 　 　 　 　 　 　 . : :.:.:.:.:.:.:.:.:.:.:.:.:.:.:.:.:.:.:.:.:.:.:.:.:.:.:.:.:.:.:.:.:.:.:.:.:.:.:.:.:.:.:.:.:.:. : .<br>　　　　　　　　 　 　 　 ￣／　 ／ｎ　　(⌒)　 ｎ . (⌒)　..＼　＼.　　　　 　 　 　 . : :　皮膚が変色し体中に腫瘍ができていて　　 : : .<br>　　　　　　　　　　　　　 ´ｎ　/ｎ 　,__　{　　 　 } 　 　 　 　 ヽ　　 ､..　　　　 　 　 . : :　沸騰したヘドロのようでしたから　　 　 　 　 : : .<br>　　　　　　　　　　 /　　　　 ,{　　　}＿_{　　　　}　 ､　(⌒)(⌒)　　..｀　､　　　 　 　 : : :.:.:.:.:.:.:.:.:.:.:.:.:.:.:.:.:.:.:.:.:.:.:.:.:.:.:.:.:.:.:.:.:.:.:.:.:.:.:.:.:.:.:.:.:.:. : :<br>　　 　 　 　 　 　 / 　 y-‐''´{ (⌒)..!　　!(⌒)　..!｀⌒ヽ､|　　　 ',　　(⌒)ヽ<br>　　　　　　 　 　 '　(⌒)　　...|　　　 }　　',　　　 ',　　 　 l　　 　 iヽ.{, 　 　 }<br>　　　　　　　 　 {　　'ヽ　　　 ',　　　 ',　　',　(⌒)', 　 　 {　(⌒)..!　ﾞ',　 　 {<br>　　　　　　　　　ヽ　　 }　　 　 ,ｎ　　 }　　 , 　 　 }　　　 ', 　 　 | 　 ゝ.＿ﾉ<br>　　　　　　　 　 　 ゝ-'　　　　 ゝ.＿ノ　　　ゝ.＿ﾉ　　　　ゝ.＿.ﾉ<br><br><br><br>.<br>
21	◆kf7uIt1hRTUk	""	2017/11/24(Fri) 00:04:04 ID:54b9e56d	<br>　　　　　　　　　　　　　_. -―――- ､.__<br>　　　　　　　　　　　／　　　　　　　　　　｀ヽ､<br>　　　　　　　　　 ／　　　　　　　　 　 　 　 　 ＼<br>　　　　　　　　／　　　　　　　　 ＿＿　 　 　 　 ＼<br>　　　 　 　 .／ ＿　　　　　 　´　　　　 ヽ　　 　 　 ＼<br>　　　　　　「　´ 　 `　　　　　 , -　 - ､　　　　　　　　ヽ.<br>　　　　　　} /.,::::::::ヽ　　　　　, ,:::::::::::､ ',　　　　　　　　 ＼<br>　　　　　/　{ {:::::::::i i　　　 　 i i::::::::::::}　}　　 　 　 　 　 　 ﾍ.<br>　　　　 /　 ゝ ー 　'　　　　　ゝ　-‐ ' ノ　　 　 　 　 　 　 　 ﾍ.<br>　　　　{　　　/　　　　　　　　　　　ヽ　　　　　　　　　 　 　 　 i.<br>　　　　i　　　{　　　　 i　　　 　 　 　 } 　 　 　 　 　 　 　 　 　 }<br>　　 　 {　　　ゝ_＿__ノ ゝ __＿_____ ノ　　　　　　　　　　 　 　 ﾉ<br>　　　　ﾍ.　　　　　　` ー--- ‐‐ ′　　　　　　　　　　　　　ノ<br>　　　　　 ＼　　　　　　　　　　　　　　　　　　　　　　　　／　　　　　　. : :.:.:.:.:.:.:.:.:.:.:.:.:.:.:.:.:.:.:.:.:.:.:.:.:.:.:.:.:.:.:.:.:.:. : .<br>　　　　　　　＼　　　　　　　　　　　　　　 　 　 　 _. -‐ ´ 　 　 　 　 . : :　　顔は油ネンドのように崩れ　.....: : .<br>　 　 　 　 　 　 ﾞ＞ ､_　　　　　　 　 　 　 　 ／￣　￣ ヽ、. 　 　 　 . : :　　腹も奇妙に膨れています　　　.: : .<br>　　　　　　　　　　i ／　　　　　　　 　 　 .／　　　　　　　 ＼.　　　 　 : : :.:.:.:.:.:.:.:.:.:.:.:.:.:.:.:.:.:.:.:.:.:.:.:.:.:.:.:.:.:.:.:.:.:. : :<br>　　　　　　　　　/ /　　　　　　　　　　　　 　 　 　 　 　 　 　ヽ<br>　　　　　　　　/ ./<br>　　　　　　　/　.i<br>　　　　　　　i　/　　　　　　　　　　　　　　　　ヾi.<br>　　　　　　　i /　　　　　　　　　　　　　　　　　　i.<br>　　　　　　　i/　　　　　　　　　　　 　 　 　 　 　 i.<br>　　　　　　 ./　　　　　　 　 　 　 　 　 　 　 　 　 i<br>　　　　　　/　　　　　　　　　　　　　　　 　 　 　 ∧<br><br><br><br>.<br>
22	◆kf7uIt1hRTUk	""	2017/11/24(Fri) 00:04:14 ID:54b9e56d	<br>　　　　　 ／ : : : : : : : : : : : ヽ, : : ＼<br>.　　　　 /: :l : !､:ヽ: : : : : : : : : '; : : : ;ヽ<br>　 　　 /: : :!: :ｌ　＼＼:､ : : : : _: '; : : : l::丶<br>　　 　,': : : :l:l: ', 　 丶 :r＜､¨:_:､_',: : : l: : 丶<br>.　　　l: : : : :l:ｌ､;ﾚ'　 　゛ー .,r示ﾗｩｌ: : : l: : : 丶<br>　　　l: : : ',: k代､_,,,　　 　 ´ '-‐¨ ｌ: : : !: : : : :丶<br>　 　 !:: : : :', :.'杙沙 　　,　　　　u, l: : : l: :､ﾐ`' ; :ヽ<br>.　 　!l : : : j'; : ',｀　　 　 　 _　　 　 ｌ : : l: :, 　 　 　`<br>　 　l.l : : : :ﾄ.}: :.:､u,　 　 ´ ´　 　 /:l: : :l : :,<br>　　 l:l : ﾘﾉｌ: 'ｌ ::' '&gt;､　　　 　 　 ｲ:::::!: : l: : :',　　　　　　　　　　. : :.:.:.:.:.:.:.:.:.:.:.:.:.:.:.:.:.:.:.:.:.:.:.:.:.:.:.:.:.:.:.:.:.:.:.:.:.:.:.:.:.:.:. : .<br>　 　l:l:/&quot;　|: ::'; : '.ﾐ::::::ヽ　 　 　 {::::::!: : ｌ: : : ',　　　　　 　 　 . : :　見るからに病気にかかっていたので　　 : : .<br>..　　ﾘ'　 　ｌ :.:::'; : :ﾍ::::::}　 　　 八;;::l: : :l: : : : ',.　　　　 　 　 . : :　それを食べる気はありませんでした　　...: : .<br>　　　　　　| :::.:_:i : : ﾄ;~' 　　　 ' 　　j: : j‐r, ; _:',.　　　　　　 　 : : :.:.:.:.:.:.:.:.:.:.:.:.:.:.:.:.:.:.:.:.:.:.:.:.:.:.:.:.:.:.:.:.:.:.:.:.:.:.:.:.:.:.:. : :<br>.　　　　　&gt;ﾍ&quot;, 　!: : l_　=-t=‐r ー-=ﾍ`r､　　`t<br>.　　　　 } 　 } ￣ !: : !. 　r＿￣_￣､ 　｀!::l ＼ 　l<br>.　　　　 l ヽ. ｌ　　 ! : l ,〃.,介{､.&gt;゛ __.u, |::|　 ヽ. l<br>　　　 　 l　 !'l　 　 ! : l《./ ｌl ﾚ' ,.ｲ ／, _ _!:!__.　ﾍ ',<br>　　　　　l　 !l　　 　!ｌ::l　　ll　T&quot; / / !l',{,};:ﾊ　 　　',<br>　　　　　l 　ﾘ　　 　' !:ｌ 　ｌｌ.　ll　 ゛´　l:l{. 　ﾄ',<br>　　　 　 ﾊ　V　　 　 'ゞ､ |ｌ 　!ｌ 　　　',l｀　 l:ﾊ　　　 ′<br>.　　　　 l:::',　}　　　 　 　 ｌ|　 !l　　 　 ﾍ.　 ｌ::::'.<br>.　　　　j:::ﾊ　!　 　 　 　 j_l 　!ｌ 　 　 　 　 l:::i:ﾊ. 　　　ヽ<br>　　 　 l:::::::::ｌ. !　　　　　　　　j_!　 　 　 　 ｌ::::l:::ﾍ.　　 　 ',<br>.　　 　l::::::::::l/　　　　　　　　　　　　　　 V:::::ｌ:::::ﾍ　　　　l<br>.　　　j::::::::::::l　　 　 　 　 　 　 　 　 　 　 l:::::l::::::::ヘ､ 　　l<br><br><br><br>.<br>
23	◆kf7uIt1hRTUk	""	2017/11/24(Fri) 00:04:24 ID:54b9e56d	<br><br><br><br><br><br><br><br><br><br><br><br><br><br><br><br><br><br><br><br><br><br><br><br><br><br><br><br><br><br>.<br>
24	◆kf7uIt1hRTUk	""	2017/11/24(Fri) 00:04:34 ID:54b9e56d	<br>　　　　　　　　:::::i　　　　　　　　　　　 :::::::::::::::::::::::::::::<br>　　:.　　　　　 :::::|　　 ,.-''&quot;厂￣丶､　　 :::::::::::::::::::::::::<br>　　 ::::...　　　　::::i　／､_／|/｀¨ く.　＼　　　 ::::::::::::::::<br>　　　　:::....　　 ::::|ム;;;;;;;;;;;;;;;;;;;;;;;;;;;;｀く_ ＼:::::::::::::::::::::::<br>　　　　　:::::::.... ::::|＞'‐- ､;;;;;;;;;;;;;;;;;;;;;;;;ゝ_ﾊ:::::::::::::::::::::　　　　. : :.:.:.:.:.:.:.:.:.:.:.:.:.:.:.:.:.:.:.:.:.:.:.:.:.:.:.:.:.:.:.:.:.:.:.:.:.:.:.:.:.:.:.:.:.:.:.:.:.:.:.:.:.:.:.:.:.:. : .<br>　(⌒)　　　::::::::::::|　　 : : :＼;;;;;;;;;;;;;;;;;;∠.ノ:::::::::::::::::::::　 　 . : :　気がつくと千切り取った腕にかぶりついていました　.....: : .<br>　　(⌒)　 　 . ＼:|　　　 : : : :ヽ､;;;;;;;;;;;;∧|:::::::::::::::::::::::...　　　: : :.:.:.:.:.:.:.:.:.:.:.:.:.:.:.:.:.:.:.:.:.:.:.:.:.:.:.:.:.:.:.:.:.:.:.:.:.:.:.:.:.:.:.:.:.:.:.:.:.:.:.:.:.:.:.:.:.:. : :<br>　　　　 ,,..._ 　 　 ヽ、　　　　: : : ヽ;;;;;;;ヽ/:::::::::::::::::::::::<br>‐--‐ く＿ﾉ}　(⌒) .::＼　　　　 : : ﾉヽ;;;/:::::::::::::::::::::::::<br>　　　 ...:::／　　　(⌒) .::丶､　　／ヽﾚ:;;::::::::::::::::::::::::::<br>---‐'''&quot;´　(⌒) ._,,,,_　　　 ::`＜　 ／;;;:::::::::::::::::::::::::::::<br>　, -------‐　7 　.ﾊ　　　　　::｀ヽ､:::::::::::::::::::::::::::::／<br>/　　　　　　　　 -‐'ノ　　(⌒) 　 　 . ｀＞''&quot;´￣￣￣<br><br><br><br>.<br>
25	◆kf7uIt1hRTUk	""	2017/11/24(Fri) 00:04:49 ID:54b9e56d	<br><br>　　　　　　　　　　　　 　 　 　 　 　 : :.:.:.:.:.:.:.:.:.:.:.:. : .<br>　　　　　　　　　　　 　 　 　 　 　 : :　味が違う　　: : .<br>　　　　　　　　　　　　　　　　　　　: : :.:.:.:.:.:.:.:.:.:.:.:. : :<br><br><br><br>　　　　　　　　　　　　　　　　　　　　　　　　　　　　　　　　　　　　　　 　 　 　 　 　 : :.:.:.:.:.:.:.:.:.:.:.:.:.:.:. : .<br>　　　　　　　　　　　　　　　　　　　　　　　　　　　　　　　　　　　　　 　 　 　 　 　 : :　食感が違う　 . : : .<br>　　　　　　　　　　　　　　　　　　　　　　　　　　　　　　　　　　　　　　　　　　　　　: : :.:.:.:.:.:.:.:.:.:.:.:.:.:.:. : :<br><br><br><br><br>　　　　　　 　 　 　 　 　 : :.:.:.:.:.:.:.:.:.:.:.:.:.:.:.:.:.:.:.:.:.:.:.:.:.:.:.:.:. : .<br>　　　　　 　 　 　 　 　 : :　幸福感が押し寄せてくる　　: : .<br>　　　　　　　　　　　　　: : :.:.:.:.:.:.:.:.:.:.:.:.:.:.:.:.:.:.:.:.:.:.:.:.:.:.:.:.:. : :<br><br><br><br>.<br>
26	◆kf7uIt1hRTUk	""	2017/11/24(Fri) 00:04:59 ID:54b9e56d	<br>: : : : : : : : : : : : : : : : : : : :.┼: : : : : : :　　　　　　　　　　　 　 　 　 　 　 　 : : : : ┼: : : : : : : : : : : : : :.:.| : : ,,.:.:,,: : : : : : : : : : : : :<br>: : ＋: : : : : : : : : : : : : : : : : : : :　　　　　　　　　　　　　 　 　 　 　 　 　 　 　 : : : : : : :.,.. :- - :.,:. :.:＿人.＿: . :.｀' ,: : : : : : : : : :<br>: : : : : : : :.:.,,.:.,,: : : : : : : : : : :　　　　　　　　　　　　　　　　　　　　　　 　 　 　 　 　 ,:'´: . : . : . :.｀':.: :,｀Y´: . : . : . :.;: : : : : : : : : :<br>:　:　:　:., '´:　. :｀' ,:　: 　: :　　　　　　　　　　　　　　　　　　　　　　 　 　 　 　 　 　 :　:　:　:　:　:　:'; 　 |:., : :　:　: ,.':　:　:　:　:　:<br>: . :: 　.:;　: :十 :　: ;..:　:　 :　　　　　　　　　　　　　　　　　　　　　　　　　 　 　 　 　 ,:. :　:　:　:　:　;':　:　:.｀ - - '´:　:　:　:　:　:<br>　 *　　':,　 　 　 .,.'　　　　　　　　　　　　　　　　　　　　　　　　　　　　　　　　 　 　 ':,　　　　　 ,.:'　　　　　　　 　+<br>　　　　　｀ - - '´　　　　　　　　　　　　　　　　　　　　　　　　　　　 　 　 　 　 　 　 　 ｀' - - 'ﾞ´<br>　　　　　　　　　　　　　　　　　　　　　　　　　　　　　　　　　　　　　　　　　　　　 　 　 　 　 　 　 +<br>　　　　　　　　　　　. : :.:.:.:.:.:.:.:.:.:.:.:.:.:.:.:.:.:.:.:.:.:.:.:.:.:.:.:.:. : .<br>　　　　　　　　　　. : :　遠い昔を懐かしむような　....: : .<br>　　　　　　　　　　　: : :.:.:.:.:.:.:.:.:.:.:.:.:.:.:.:.:.:.:.:.:.:.:.:.:.:.:.:.:. : :<br><br><br><br><br>　　　　　　　　　　　　　　　　　　　　　　. : :.:.:.:.:.:.:.:.:.:.:.:.:.:.:.:.:.:.:.:.:.:.:.:.:.:.:.:.:.:.:.:.:.:.:.:.:.:.:.:.:.:.:.:.:.:.:.:.:.:.:.:.:.:.:.:.:.:.:.:.:.:. : .<br>　　　　　　　　　　　　　　　　　　　　　. : :　それでいて特別な存在を口にしたかのような高揚感が　　: : .<br>　　　　　　　　　　　　　　　　　　　　　. : :　心を満たしていました　　　　　　　　　　　 　 　 　 　 　 　 　 : : .<br>　　　　　　　　　　　　　　　　　　　　　　: : :.:.:.:.:.:.:.:.:.:.:.:.:.:.:.:.:.:.:.:.:.:.:.:.:.:.:.:.:.:.:.:.:.:.:.:.:.:.:.:.:.:.:.:.:.:.:.:.:.:.:.:.:.:.:.:.:.:.:.:.:.:. : :<br><br>　　　　　　　　　　　　　　　　　　　　　　　　　　　　　　　　　　　　　　　　　　　　　　　　　　　　　　　　 　 ,.　- -　.,<br>　　　　　　　　　　　　　　　　　　　　　　　　　　　　　　　　　　　　　　　　　　　　　　　　　　　　　　 : .┼.´:　:　:　:　｀':.:　:　:　:　:<br>　　　　　　　　　　　　　　　　　　　　　　　　　　　　　　　　　　　　　　　　　 　 　 　 　 　 　 　 　 　 :　;:　:　:　:　:　:　:.';:　:　:　:<br>　　　　　　　　　　　　　　　　　　　　　　　　　　　　　　　　　　　　　　　　　　 　 　 　 　 　 　 : : : : : : :':,: . : . : 十: . : .:;': : : : : : :<br>　　　　　　　　　　　　　　　　　　　　　　　　　　　　　　　　　　　　　　　　　　　　 　 　 　 　 　 : : : : : : :.':.,: . : . : . : .:,.:': : : : : : : :<br><br><br><br>.<br>
27	◆kf7uIt1hRTUk	""	2017/11/24(Fri) 00:05:09 ID:54b9e56d	<br>　　　　　　　　　　　 　 　 　 　 　 　 　 . . . : :‐━─-　.<br>　　　　　　　　　　　　 　 　 　 　 　 ／.: : : : : : : : : : : :. :.｀<br>　　　　　　　　　　　　　　　　　 　 /.: : : : : : : : : : :. :. :. :.］＼＼<br>　　　　　　　　　　　　　　　　　　 .:: : : : : : :{: : : : : : : ｌ: : ﾚ´ ∨＼<br>　　　　　　　　　　　　　 　 　 　 /: : : : : : : |: : :|.: : : :.}: :}]γ　〉: :‘，<br>　　　　　 　 　 　 　 　 　 　 　 /: : : : : : : : |: : :{: l⌒/: /]人） V⌒<br>　　　　　　　　　　　　　 　 　 /: : : : : : : : : |: : ‘，γ]/　　 `　 〉<br>　　　　　 　 　 　 　 　 　 　 /: : : : :／.:. .:.人.: .:./人)ﾉ　　 　 /.　　　　 . : :.:.:.:.:.:.:.:.:.:.:.:.:.:.:.:.:.:.:.:.:.:.:.:.:.:.:.:.:.:.:.:.:.:.:.:.:.:.:.:.:.:.:.:.:.:.:. : .<br>　　　　　　　　　　　　　 　 /／] ／: : : : : : :(＼ :∨´　　ｰ ' /　 　 　 . : :　腕を食べ尽くすとその人が起き上がって　　.: : .<br>　　　　　　 　 　 　 　 　 　 　 /.: : : : : : : : :. :.` ＼＼┬ ‐＜　　　　　. : :　嬉しそうに見ているのに気づきました　　 　 .: : .<br>　　　　　　　　　　　　　　 　 /.: : : : : : : : : : :. :./　.＼＼. . {.　　　 　 　 : : :.:.:.:.:.:.:.:.:.:.:.:.:.:.:.:.:.:.:.:.:.:.:.:.:.:.:.:.:.:.:.:.:.:.:.:.:.:.:.:.:.:.:.:.:.:.:. : :<br>　　　　　　 　 　 　 　 　 　 /.: : : : : : : : : : :. :./ ,/⌒ヽ 　 ∧<br>　　　　　　　　　　　　　　,: : : : : : : : : : : : : :./ ,/　　　ﾟ ∨ ∧<br>　　　　　　 　 　 　 　 .／.: : : : : : : : : : : : :./　{{　　 　 }/⌒‘，<br>　　　　　　　　　 　 ／: : : : : : : : : : : : : : :〈 ',__]}　　　｜　　 ‘，<br>　　　　　 　 　 　 . : : : : : : : : : : : : : : : : / } ∨.}　　　 ′　　　〉<br>　　　　　　　 　 /.: : : : : : : : : : : :. :. :. :./ . |　.V　 　 /　　　 .∧<br>　　　　　　 　 ./ : : : : : : : : : : : : : ／)/. . ..}　 ］ 　 ./　　　 ./!: :',<br><br><br><br><br>　　　　　　　　　　　　　　＿＿＿_<br>　　　　　　　　　　　　 ／⌒　　⌒＼<br>　　　　　　　　　　　／　（⌒）　（⌒）＼<br>　　　　　　　　　 ／　 ::⌒（__人__）⌒::: ＼　　　　　　. : :.:.:.:.:.:.:.:.:.:.:.:.:.:.:.:.:.:.:.:.:.:.:.:.:.:.:.:.:.:.:.:.:.:.:.:.:.:.:.:.:.:.:.:.:.:.:.:.:.:..:.:.:.:. : .<br>　　　　　　　　　 |　 　 　　　|::::::|　　　,---、.　　　 . : :　無くなったはずの腕でも喜びを表現しています　　.: : .<br>　　　　　　　　　 ＼ 　 　 　 `ｰ'　　　しＥ　|.　　　　　: : :.:.:.:.:.:.:.:.:.:.:.:.:.:.:.:.:.:.:.:.:.:.:.:.:.:.:.:.:.:.:.:.:.:.:.:.:.:.:.:.:.:.:.:.:.:.:.::.:.:.:.:.:.:. : :<br>　　　　　　　　　 ／　　　　　　 　　　 l､Ｅ ﾉ<br>　　　　　　　　／　　　　　　　　　　　 ｜　|<br>　　　　　　　 （　　 丶- 、　　　　　　 ヽ_／<br>　　　　　　　　　`ー､＿ﾉ<br><br><br><br>.<br>
28	◆kf7uIt1hRTUk	""	2017/11/24(Fri) 00:05:19 ID:54b9e56d	<br><br><br><br><br><br><br><br><br><br>　　　　　　　　　　　 　 　 　 　 　 : :.:.:.:.:.:.:.:.:.:.:.:.:.:.:.:.:.:.:.:.:.:.:.:.:.:.:.:.:.:.:.:.:.:.:.:.:.:.:.:.:.:.:.:.:. : .<br>　　　　　　　　　　 　 　 　 　 　 : :　――それから私の生活は一変しました　　: : .<br>　　　　　　　　　　　　　　　　　　: : :.:.:.:.:.:.:.:.:.:.:.:.:.:.:.:.:.:.:.:.:.:.:.:.:.:.:.:.:.:.:.:.:.:.:.:.:.:.:.:.:.:.:.:.:. : :<br><br><br><br><br><br><br><br><br>.<br>
29	◆kf7uIt1hRTUk	""	2017/11/24(Fri) 00:05:29 ID:54b9e56d	<br>　　　　　　　　 ／:: :: /:: :: :: /:: :: :: :: :!:: :: :: :: l:: :: :: :: :: :: :: :: :: :: :: :: :: :: :: :へ<br>　　　　　 　 ／:: :: :: /:: :: :: ,':: :: :: :: :: |:: :: :: ::,'|:: i､:: :: :: :: :: :: :: :: :: :: :: :: :: :: :: ＼<br>　　　　　 ∠ .～' ﾌ彡:: :: :: :: :: !:: _::/ .!:: :: :: ,. !::.|,',-:‐ト:､:: :: :: :: :: :: :: :: :: :: :: :　::＼<br>　　　　　　　　　　 !/l:: :/!:: :: :: :|::´:/ ｀!:: :: ::!　!::|. ',:: :i＼:: :: :: :: :: :: :: :: :: :: :: :::: :: :: ＼<br>　　　　　　　　　　 |! !:: ! |:: :!:: ::i!::.,'　　l:: :: :l　 l::| _ '.,::.!　ヽ:: :: :: :: :: :: :: :: :: :: ::.:: :: :: :: ＼<br>　　　 　 　 　　 　 　 |::.!. i:: :!:: ｲ|:,'　 ´ '.,:: ::!　 ヽ　　ヽl　　ヽ:: :: :: :: :: :: :: :: :: :::: :: :: :: :: :: ＼<br>　　　　　　　　　　　　!:|　 !::|､:ﾊ !x=＝=､,:: |　　　r = ＝ =､ ヽ:: :: :: r ､:: :: :: ::.::～ｿ⌒ｿ～⌒`<br>　　　　　　　 　 　 　　i!　 ヽ! /::!　　 　 　' ,!　　　　　　　　　 |:: :: :: |　 ',:: :: :: ::.!<br>　　　　　　　　 　 　 　 　 　 /:: |　　　　 '　　　 　 　　 　 　 　!:: :: :: !　 ,:: :: :: :: |　　　　　. : :.:.:.:.:.:.:.:.:.:.:.:.:.:.:.:.:.:.:.:.:.:.:.:.:.:.:.:.:.:.:.:.:.:.:.:.:.:.:.:.:.:.:. : .<br>　　　　　　　　　　　　　　　/:: ::.!　　　　 r = ＝ ヽ、 　 　 　　!:: :: :: ! ノ:: :: :: :: :i　　　　. : :　その人の体は何度でも再生するので　　: : .<br>　　　　　　　　 　 　 　 　 /:: :: ::ヽ、　　　!　/ . . . ..',　　　　　 !:: :: :: |:: :: :: :: :: ::.|...　　　. : :　食べ物に困らなくなりました 　 　 　 　 　 : : .<br>　　　　　　　　　　　　　 /:: :: :: :: ::へ、 　∨. . . . . .,'　　　　 .イ:: :: :: !:: :: :: :: :: :: !　　　　 : : :.:.:.:.:.:.:.:.:.:.:.:.:.:.:.:.:.:.:.:.:.:.:.:.:.:.:.:.:.:.:.:.:.:.:.:.:.:.:.:.:.:.:. : :<br>　　　　 　 　 　＿＿＿＿＿ . .､:: :: ::ヘ.、 ヽ ＿ ノ　　　 イ　.|:: :: :: :|:: :: :: :: :: :: |<br>　　　　　 　／　　　　　　　　　　　ヽ､:: : ＞ 、_ ,　　＜_　_ 　 |:: :: :: ::!:: :: :: :: :: :: !<br>　 　 　　／　　 　 　 　 　 　 　 　 　 ＼:: :: :_ -.|　　 　 　 //　:: :: :: :|::_::_:: :: :: :: |<br>　　　 ／　　　　　 　 　 　 　 　 　 　 　 ヽ'. ﾉﾉ.!　　　　　// ,!:: :: :: ::.!. . . ‐.‐x_　|<br>　　 /　　　　　　　　　　　　 　 　 r ― - ヽ/　　　　 　 //　 :: :: :: :: :!. 　　　 　ヽ<br>　 , - つ　　　　　　　　 　 　 ,(￣ヽ- - 、　｀',＼ _　_　ﾉ| 　 i:: :: :: :: ::!'　　　　　　'.,<br>. / _ -つ　　　　　　　　　 　 r‐`　--､　 ＼　 !　＼　　 |.　 |:: :: :: :: ::|　　　　　　　',<br><br><br><br>.<br>
30	◆kf7uIt1hRTUk	""	2017/11/24(Fri) 00:05:40 ID:54b9e56d	<br>　　　　　　　　　 　 　 　 　 　 : :.:.:.:.:.:.:.:.:.:.:.:.:.:.:.:.:.:.:.:.:.:.:.:.:.:.:.:.:.:.:.:.:.:.:.:.:.:.:. : .<br>　　　　　　　　 　 　 　 　 　 : :　しかし私は死体を採り続けました　　.: : .<br>　　　　　　　　　　　　　　　　: : :.:.:.:.:.:.:.:.:.:.:.:.:.:.:.:.:.:.:.:.:.:.:.:.:.:.:.:.:.:.:.:.:.:.:.:.:.:.:. : :<br><br>　　　　　　　　　　__,,==v-、<br>..__　　　.,,;-=-ーｧｿ　 ｒｲ⌒ヽ,,_、　 　 　 　 　 　 　 　 /　　　 i　　　人　　　　 ノ　　　　　　　　　　　　　　l<br>_i　｀'＜´_:::::::::::〃::::::/ ,r;;;、　ヽt　　　　　　　　　　　,'　　　　 ' ,_,,ノ　 `─-‐' ヽ　　　　　　　　 　 　 　 　 l<br>:::〉/ /　/:::::::::∥:::::::｛　 i;;;;;ヽ　ヾ',,_　　 　 　 　 　 　 i　　　∴;;;;｀､　　　　　 　 l　　∴　　　 　 　 　 　 　 /<br>∥∨ ./::::::::::∥:::::::::::｝　!;;;;;;;;;ヾ　　ヾ,　　　　　　　　 |　　　__,,_　　|　.ノ;;;;;=-´ .l.　 ;;;;;;　　　 　 　 　 　 ／<br>i.i　l::く:::::::::::::i.|::::::::::::::｀'-t;;;;;;;;;;;＼　 ｛ iゝ,、　　　 ,=-'´｀ー&quot;'´-ｧー==-^::;;;;;;;;;; l　 ::::゜j　　　　　　　　/<br>||:::::ヾ´::::::::::｛i:::::::::::::::::::.. : :.:.:.:.:.:.:.:.:.:.:.:.:.:.:.:.:.:.:.:.:.:.:.:.:.:.:.:.:.:.:.:.:.:.:.:.:.:.:.:.:.:.:.:.:.:.:.:.:.:.:.:.:.:.:.:.:.:.:. : .　　　　　 ／<br>ﾘ:::::::::::::::::::::::i !::::::::::::::. : :　その人は食べる必要がないのに食欲があるのです　 . : : .　　　...ヽ<br>',::::::::::::::::::::::::' ,::::::::::::::::::: : :.:.:.:.:.:.:.:.:.:.:.:.:.:.:.:.:.:.:.:.:.:.:.:.:.:.:.:.:.:.:.:.:.:.:.:.:.:.:.:.:.:.:.:.:.:.:.:.:.:.:.:.:.:.:.:.:.:.:. : :　　　　　　ヽ<br>ヽ:::::::::::::::::::::::::ヽ::::::::::::::;;;;;;;;;;;;;:/;; /::::&quot;&quot;´::::::::::::::::::::::::::::::,=-'&quot;´　/　　￣￣　　　　　　 　 　 　 　 　　ヽ<br>:::' ;,:::::::::::::;;;;;;;;;;;＼;;;;;;;;;;;;;;;;;;;;;;;;', i;;;;;;;;;;;彡;;,,,,ﾉﾝｿ,,,,::／&quot;<br>;;;;;＼;;;;;;;;;;;;;;;;;;;;;;;;;;;＼;;;;;;;;;;;;;;;;;;ヾ{;;ノ -、;;;;;;;;;;;;;;;;;;／<br>ヽ;;;;;;;｀ヽ、;;;;;;;;;;;;-='&quot;&quot;7｀.. : :.:.:.:.:.:.:.:.:.:.:.:.:.:.:.:.:.:.:.:.:.:.:.:.:.:.:.:.:.:.:.:.:.:.:.:.:.:.:.:.:.:.:.:.:.:.:.:.:.:.:.:.:.:.:.:. : .<br>;;;;＞-ー-'&quot;´　　 |　|.　 . : :　私は今まで以上にはりきって食べ物を探しました　　: : .<br>|　|　　　|　|　　　|　|...　　: : :.:.:.:.:.:.:.:.:.:.:.:.:.:.:.:.:.:.:.:.:.:.:.:.:.:.:.:.:.:.:.:.:.:.:.:.:.:.:.:.:.:.:.:.:.:.:.:.:.:.:.:.:.:.:.:. : :<br>|　|　　　|　|　　　|　|　　　　　　　　　　　　 　 　 　 <br>|　|　　　|　|　　　|　|<br><br><br><br>.<br>
31	◆kf7uIt1hRTUk	""	2017/11/24(Fri) 00:05:50 ID:54b9e56d	<br>　　　 　 　 　 　 　 　 ＿＿<br>.　　　　 　 　 　 　 -´　　　｀｀ヽ<br>　　　　　　　　 ／ ⌒　　　　　 ｀ヽ<br>　　　　　 　 ／　　　　　 　　｀ヽ 　ヽ<br>. 　 （（　　 /　（○）　　 　　　　　　　ヽ　　　　　　　　. : :.:.:.:.:.:.:.:.:.:.:.:.:.:.:.:.:.:.:.:.:.:.:.:.:.:.:.:.:.:.:.:.:.:.:.:.:.:.:.:.:.:.:.:.:.:.:.:.:. : .<br>　　　　 　 |::⌒（__　　 #;;#;　　　　　　 }　　 　 　 　 . : :　その人と会ってなにより嬉しかったのは 　 　 : : .<br>　　　　 　 ヽ 　 人__） ⌒::::.　　　　 　 |.　　　　　　 . : :　私が食べると喜んでくれることです　　　　　　 : : .<br>　　 　 　 　 ヽ（#l#;;　　　　##;;;　　　　| 　 　 　 　 　 : : :.:.:.:.:.:.:.:.:.:.:.:.:.:.:.:.:.:.:.:.:.:.:.:.:.:..:.:.:.:.:.:.:.:.:.:.:.:.:.:.:.:.:.:.:.:.:.:.:. : :<br>　　　　　 　 人.　　　　　　　　　　　　/　　| |<br>.　　　　　　/　　　　　　　　　　　＿ノ　　ノﾉ<br>　　　　　　　　　　　　　　　 　 　 |<br><br><br><br><br>　　　　　　　　　 　 　 　 　 　 　 ｎ<br>　　　　　　　　　　　　 　 　 　 　.| | /）<br>　　　　　　　　 　 　 　 　 　 　 __| ﾚ'/<br>　　　　　　＿＿＿　　　　　　ﾉ#;　　ヽ<br>　　　　／ ⌒　　⌒＼　　ｒニ 　　　　|<br>　　 ／　;##;;）　 （⌒）＼　　ヽ　　　/　　　　　　　　　　. : :.:.:.:.:.:.:.:.:.:.:.:.:.:.:.:.:.:.:.:.:.:.:.:.:.:.:.:.:.:.:.:.:.:.:.:.:.:.:.:.:.:.:.:.:.:.:. : .<br>　／ 　 ///（__人__）///＼ / ` 　 /　　 　 　 　 　 　 . : :　私が「おいしい」と伝えると　　　　 　 　 　 　 .: : .<br>　＼　 　 　 `Y⌒y'´　　　 | 　　／　　　　　　　 　 　 . : :　この上なく幸せそうな声をあげてくれます　 .: : .<br>.　　 〕#; 　 　 ﾞー ′　　,／ #;r'　 　 　 　 　 　 　 　 　 : : :.:.:.:.:.:.:.:.:.:.:.:.:.:.:.:.:.:.:.:.:.:.:.:.:.:.:.:.:.:.:.:.:.:.:.:.:.:.:.:.:.:.:.:.:.:.:. : :<br>　　/⌒ヽ　 　ー‐ 　　ｨ　　／<br>　 / rｰ'ゝ　　　　　　　　／<br>　/,ﾉヾ　,&gt;　　 　 　 　 ｲ<br>　|　ヽ〆　　　 　 　　そ<br><br><br><br>.<br>
32	◆kf7uIt1hRTUk	""	2017/11/24(Fri) 00:06:05 ID:54b9e56d	<br>　　　　　　　　 　 　 　 　 　 　 ＿＿＿<br>　　　　　　　　　　　　　 ,.::''&quot;´:.:.:.:.:.:.:.:.:.:.｀ﾞ'':.､<br>　　　　　　　　　　　　,ｨ&quot;:.:;ｨ:.:.:.:.:.:.:.:.:.:.:.:.:.::.､:.:.｀ヽ<br>　　　　　　　　　　　/:.:.:.;:':.:.:.:.:.:.:.:.:.:.:.:.:.:.､:.:.:.ヽ:.:..､＼<br>　 　 　 　 　 　 　 /:;':.:/.:.:.:.i.i、:.:.:.:.:.:ヽ;_,:ヽ-‐ｷ¨´ヽ:.::..、<br>　 　 　 　 　 　 ／:;':.:.:i.:i.i:.:.|:|ヾ:.:.:.:.::.:.:.ヽ'&quot;´ヾi´￣｀:｀ﾞ:.:｀≧x､＿_<br>　　　　　 　 ,ィ´ :.:i:.:.:.:l.:l:lﾊ:ｌ:l 　ヽ、:.:.:.:.:.:.｀､:.:.l:.:.:.:.:.:i:.:.:.:.:.:.:.:.:.＞'&quot;´<br>　 　 　 ,ｨ彡´:..:.:.:.l.::ｉ:.:|:.lﾘ弋l!‐-　 ＼:.::'&quot;¨ヾ',ｉl:.i:.:i:.:.|:.:..::.:.＞&quot;<br>　　　　｀ﾞ ｰ-　―i:.:.|:.:|:.| ,,ｨ＝:､　　 　ヾｨ＝､i!ｌ::ｌ :|:.:|''&quot;~´<br>.　　　　　　 　 　 |:.:.|:.:l:.|《 i :::c`　　　　 ic:::ﾞﾅ!l:.ｉ:.:|:.:|<br>.　　　　　　 　 　 |:.::l ::l::l 　ゞ=&quot;　　　　　｀¨´.i!!:.l:.:|:.:|　　　. : :.:.:.:.:.:.:.:.:.:.:.:.:.:.:.:.:.:.:.:.:.:.:.:.:.:.:.:.:.:.:.:.:.:.:.:.:.:.:.:.:.:.:.:.:.:.:.:.:..:.:.:.:.:.:.:. : .<br>　　　　　　　　　/:';.:i!:::l::l､::.::.::.::.　丶　　::.::.::.ﾉi:.::ｌ::|:.:|　　. : :　その人の目、四肢、胴体、脳、舌、乳房、内臓　　　 : : .<br>　　　　 　 　 　 i::.:ﾊ:i.::.',:ﾏ､　　　iー―ｧ　　 /:|:.:ｌ:.|:.:|　　. : :　あらゆる食事が素敵な思い出となりました　 　 　 　 : : .<br>　　　　　　　 　 ゝ_::ﾍ:.:.::､::i:＞､　ゝ‐ &quot;　,.イ:::::|:.:l:.|:.:|　　　: : :.:.:.:.:.:.:.:.:.:.:.:.:.:.:.:.:.:.:.:.:.:.:.:.:.:.:.:.:.:.:.:.:.:.:.:.:.:.:.:.:.:.:.:.:.:.:.:.:.:.:.:.:.:.:.:.:. : :<br>.　　　　 　 　 ,イ´　 ¨`i:.:.:i::､―|｀　ー'&quot;´i :::::::::|:.:l:.|:.:|<br>　　 　 　 　 /　　　　　|､:.:lヾ､　!　 　 　 ,'::.、::::|:.:l:.|:::l!<br>　 　 　 　 ./　　　　　 .|.i:.:.l!　＼ 　　　　　　ヾヽ;:l:.|､:ｌ!<br>　　　　　./　　　　　　 l l!:.:',　　　　 _.::'&quot;´　　.! i|: l::l､ヾ、<br>　 　 　 /　　　 　 ノ /　ゞ:.ヽ　　 　 　 　 　 / /|:.:l:.! ヽ::ヽ<br><br><br><br>　　　　　　　　　　　　　　　　　　　　　　　　 ,ﾍ<br>　　　　　　　　　　　　　＿＿＿_　　　　　　/ /<br>　　　　　　　　　　　 ／＼　　／＼　　　／ /<br>　　　　　　　　　　／（ ⌒） 　（⌒）＼／　 /<br>　　　　　　　　 ／ :::::⌒（__人__）⌒:::::＼ /<br>　　　　　　　　 |　　　　　|r┬-| 　 　 　 |<br>　　　　　　　　 ＼ 　 　　｀ ー'´ 　 　 ／　　　　　　　　　. : :.:.:.:.:.:.:.:.:.:.:.:.:.:.:.:.:.:.:.:.:.:.:.:.:.:.:.:.:.:.:.:.:.:.:.:.:.:.:.:.:.:.:.:.:.:.:.:.:.:.:.:.:.:.:.:.:.:.:.:.:.:.:.:.:. : .<br>　　　　　　　　　／　　　　　　　　　 ＼　　　　 　 　 　 . : :　生きることは「思い出」を作ることで　　　　　　　　　 　 　 　 　 : : .<br>　　　　　　　　/　　　　　　　　　　　 　＼.　 　 　 　 　 . : :　私はその人と会って初めて生きることを始めたのでしょう　 . : : .<br>　　　　　　　/　　／＼　　　　　　　 　 　ヽ.　 　 　 　 　 : : :.:.:.:.:.:.:.:.:.:.:.:.:.:.:.:.:.:.:.:.:.:.:.:.:.:.:.:.:.:.:.:.:.:.:.:.:.:.:.:.:.:.:.:.:.:.:.:.:.:.:.:.:.:.:.:.:.:.:.:.:.:.:.:.:. : :<br>　　　　　　　　／　　　＼　　　　　 　　 　ﾉ<br>　　　　　　　U　　　　　　ヽ　　　 　　 　ノ<br><br><br><br><br>.<br>
33	◆kf7uIt1hRTUk	""	2017/11/24(Fri) 00:06:15 ID:54b9e56d	<br>　　　　　 ,．　 ,ｨｰ､　　.,::=:''&quot;´<br>　　　,rｰ､i:.:v´:.:.n:.:ヾ”　　:.,． ・．　　　　　　　　 　 　 　 　 　 ,....　,...、<br>　　　ヽ、ヽｦ..::.:ﾊ_ゝ=ゝ　　　　・　．,　　,..::ィ≦三ミ::.=-.._　　 {　｀´　 }<br>　　,､ く:ヽ.jハ:.:.;::〉::;.:.:.｀くi::.=- ．.　　／.:: :: :: :: :: :: :::: :: : ｀ヽ、｀ヽ、r'´<br>　 iヽ ヽゝ.::〉/:¨`(:.ヽ｀ヽ'i 　 　 　 ／::.:,､:､:: :: :: :: :: :: ヾ:: ::ヽ::.:ヽ　 )′<br>　(二{＞'ゝi´.:: :: :.):.:.:.}/¨　　　　/.::.: .:ハ:.:､:: :: :｀ヽ::.::､i:: :: ::}:: :: ヽ<br>　 〈二ﾆ/: ﾊ:: ;='&quot;:.:.:./　　　　　/.::.: .::.|　ヽ:㍉、:.:.:.:.＼:l:: :: ::l:: i: :: :.、<br>　　iﾆミi､:.:ﾞ:';rf=:､::: ∧　 　 　 ,':.:.:.:.:.:.:i-､　ﾍ:.､ヾ､:: :: ::.|:: :: :l:: l:: :: ::.＼<br>　　　 ヾ:: :: i::r彡'::./ヾi､　　　 i:.:.ヽ:.:.:.:|､　　 ｀ヾ　 `＜il|:: :: :!;_|:: :: :: :: :＼<br>　　　 　 ＼:ﾘ:: ::.:ノ　,ill'＼　　∧:.:.:.＼:!　　　　　 ｨﾒ”¨`|:: :: l´ヽ､:: :ヾ¨｀ﾞﾞ　　　. : :.:.:.:.:.:.:.:.:.:.:.:.:.:.:.:.:.:.:.:.:.:.:.:.:.:.:.:.:.:.:.:.:.:.:.:.:.:.:.:.:.:.:.:.:.:.:.:. : .<br>　　　　 ．・ ill¨&quot;i!　 ,il'´　 ＼ﾉ::∧:＼,ｨﾒ”¨`　　　　　　 |:: :: |〉.ﾉ! ｀¨ﾞﾞ`..　　　. : :　食べ方にも趣向を凝らすようになりました　 . : : .<br>　 　 ,.・　　 ,ll!　 :!ヾi|!　　　　ヽ::∧:.:..ﾞミ=-　　`_,-‐、　.|:: :: |ィ::ﾊ.　 　 　 　 　 : : :.:.:.:.:.:.:.:.:.:.:.:.:.:.:.:.:.:.:.:.:.:.:.:.:.:.:.:.:.:.:.:.:.:.:.:.:.:.:.:.:.:.:.:.:.:.:.:. : :<br>　　.::　　　　ﾞl!　　　ヾ:、　　　　ゞ. ﾔ､::.ヽ　　 ﾏ.　　 }　 ｌ:: :: |::i:: ﾊ<br>　　　　　　　 !　　 ;　 ＼　 　~　　＼ﾔ､:.:ゝ､　 ヽ　.ﾉ .,.ｲ::..::.|::l::i､:ﾍ<br>　　　 　 　 　 ． 　 　 　 ゞミ､　　　　ヾ.＼:.:.｀㍉､_,ィ&quot;/:|:: :: |::|::l!ヽ:ヽ<br>　　　　　　　　　;.　　 　 i!　　ヽ、　　　　　＼:.:.ﾊ　　 i:/|:: :: |::|::.! 　`ヾ:.､<br>　　　　　　　　　　　　　 l!　　　　＼　 ｀ヽ、　ヾ:ヽ、　!　ゞ¨ﾏ!｀ヾ、　　　`<br>　　　　　　　　　　　　　 ・．　　　　 }ヽ　::::ｉ　　　i｀iヽ '&quot;´　 ｷ!　　ヽ<br>　　　　　　　　　 　 　 　 　 ;.　　 　 !::.:}　::l!　 　 } }　　　　　ｷ!　　　＼<br>　　　　　　　 　 　 　 　 　 　 　 　 /::.::i.　　　　,ﾉハ､.._＿,､__ルr'　　 　＼<br>　　　　　　　　　　　　　　　　　　 /::.::.::i!　　／　　　　　　　　　{丶　　　　＼<br><br><br><br><br>　　　　　　　 　 　 　 　 　 　 　 　　　　{<br>　　　　　　　　　　　　　　　　　　　　　　｀ヽ　　　　　　　　　　　　　　　 　 　 . : :.:.:.:.:.:.:.:.:.:.:.:.:.:.:.:.:.:.:.:.:.:.:.:.:.:.:..:.:.:.:.:.:.:.:.:.:.:.:.:.:.:.:.:.:.:.:. : .<br>　　　　　　　　　　　　　　　　　　　　　　　　ヽ　　　　 　 　 　 　 　 　 　 　 . : :　唇を合わせると口に舌を入れてくるので　　.: : .<br>　　　　　　　　　　　　　　　　　　　 　 　 　　 }　　　　　　　　　　　　　　　　. : :　そのまま噛みちぎって食べます　 　 　 　 　 .: : .<br>　　　　　　　　　　　　　　　　　　　　　 　 　　|　　　　　　　　　　　　　　　 　 : : :.:.:.:.:.:.:.:.:.:.:.:.:.:.:.:.:.:.:.:.:.:.:.:.:.:.:.:.::.:.:.:.:.:.:.:.:.:.:.:.:.:.:.:.:.:.:. : :<br>　　　 　 ／/／/／/／/／/　 |　 　 　 　 　,'　　　／/／/／/／/／/／<br>　　　　　　 ／/／/／/／/／∧　　　　　 / 　　　／/／/／/／/／/Ｕ<br>　　　　　　　　　　　　　　　 　 　 ゝ─--イ,,<br>　　　　　　　　 　 　 　 　 　 　 　 　 　 ／`､_ υ　　　　　　　　 　 　 　 　 　 . : :.:.:.:.:.:.:.:.:.:.:.:.:.:.:.:.:.:.:.:.:.:.:.:.:.:.:.:.:.:.:.:.:.:.:.:.:.:.:.:. : .<br>　　　　　　　　　　 　 　 　 　 　 　 {　（; ; ; ; ;;;）&gt;　　　　　　　　　　　　　 　 . : :　その人の肉は普通よりも柔らかく 　 . : : .<br>　　　　　　　　　　 　 　 　 　 　 　　Y　＼／γ‡　　　　　　　　　　 　 　 　 . : :　力を入れると簡単に切断できます　　.: : .<br>　　　　　　　　　　　　　　　　　 　　人 　 ）　 #;#　　　　　　し'　　 　 　 　 　 : : :.:.:.:.:.:.:.:.:.:.:.:.:.:.:.:.:.:.:.:.:.:.:.:.:.:.:.:.:.:.:.:.:.:.:.:.:.:.:.:. : :<br>　　　　　　　　　　　Ｕ　　 　　 　　o　.)../ヽ<br>　　　　　　　 　 　 　 　 　　 　 　　し　/　 U　　　　　　　　　　 _,-‐''&quot;<br>　　　　　　　 　 　 　 　 　 　　 　 　 　l., _ _ _＿＿＿... --''''´￣し'<br>　　　, -&quot;￣￣｀ﾞ ''''ー- ....,,,, ＿＿___,:′　　　　}: : : : :<br>　　　l　　　　　　　　　　　　　 　 　 Ｕ′　　　　|: : :<br>　　　|　　　　　　　　　　　　　　　　 ｡<br><br><br><br>.<br>
34	◆kf7uIt1hRTUk	""	2017/11/24(Fri) 00:06:25 ID:54b9e56d	<br>　　　　　　　　　　　　　　　　　　　　　　　　　　　　　 _,,..<br>　　　　　　　　　　　　　　　　　　　 　 　 　 　 _,,..z＜<br>　　　　　　　　　　　　　　　　　　　　　,,　・ &quot;´<br>　　　　　　　　　　　　 　 　 　 　 ,, ・&quot;<br>　　　　　　　　　　　　 　 　 　 ／<br>　　　　　　　　　　　　, ―― &quot;　　　　　　　　　　　　　　_＞-<br>　　　　　 　 　 　 　 /　　　　　　　　　　　　　＞- ・ &quot;´<br>　　　　　　　　 　 ／　　/　　　　　　　　　　 l　　　　　　　　　　　　　. : :.:.:.:.:.:.:.:.:.:.:.:.:.:.:.:.:.:.:.:.:.:.:.:.:.:.:.:.:.:.:.:.:.:.:.:.:.:.:.:.:.:.:.:.:.:.:.:.:.:.:.:.:.:.:.:.:.:.:. : .<br>　　 　 　 　 　 ／　　　/　　　　　　　　　　 /　　　 　 　 　 　 　 　 . : :　手の指をちぎって肉だけ先にかじるのが好きです　　: : .<br>　　　 　 　 .／　　　　 l 　 　 .／￣　　 　 /　　　　　　　　　 　 　 　 : : :.:.:.:.:.:.:.:.:.:.:.:.:.:.:.:.:.:.:.:.:.:.:.:.:.:.:.:.:.:.:.:.:.:.:.:.:.:.:.:.:.:.:.:.:.:.:.:.:.:.:.:.:.:.:.:.:.:.:. : :<br>　　　　 　 /　　 　 　 /　　　/ 　 r―― ''<br>　　　 　 ./　 　｀ー‐''　　 　/　 　',<br>　　　　 /　　,ｲ 　 ,'　　　　 |､　 　 !<br>　　　 ./ 　 //　 ./　 　 　 / l　　　l<br>　　／ 　 ,ｲ/　 ,ｲ　　　.,イ　 ! 　 ./<br>.／　　／ /　 .,ヽ---''&quot;　!　 .!　 /<br>｀ー‐''　 / 　 /　 　 !　　.l 　.ゝ '<br>　　　　/　　/　　　 ヽ　.,'<br>　　　　ゝ-''　　　　　 ｀<br><br><br>　　　　　　　　　　　　　　　　　　　　　　　　　　　　　　 ＿　　-‐<br>　　　　　　　　　　　　　　　　　　　　　　　　　　　　　 〈＿〃__ -‐…<br>　　　　　　　　　　　　　　　 __　-―――-　__　　__　　_　∨　/<br>　　　　　　　　　　　_　-‐　__ -く￣￣￣￣￣｀ヽ＼￣{__＼∨　　　 ／　. : :.:.:.:.:.:.:.:.:.:.:.:.:.:.:.:.:.:.:.:.:.:.:.:.:.:.:.:.:.:.:.:.:.:.:.:.:.:.:.:.:.:.:.:.:.:.:.:.:.:.:.:.:.:.:.:. : .<br>　　　　　　　　　／}／　＿＿__ ﾉ-‐　￣￣￣￣　　＿　 }　ヽ}　 ／.　 . : :　骨も普通より脆くポリポリと食べることができます　....: : .<br>　　　　　　　 ／／{_／__　-‐　　ヽ　 -‐'――=＝　　　∨　 /￣　　　　 : : :.:.:.:.:.:.:.:.:.:.:.:.:.:.:.:.:.:.:.:.:.:.:.:.:.:.:.:.:.:.:.:.:.:.:.:.:.:.:.:.:.:.:.:.:.:.:.:.:.:.:.:.:.:.:.:. : :<br>　　　　　　 /／ _／　 _　-―‐ｧ…ﾍ　　　 -――――/＞､{<br>　 　 　 　 〈/ ／＼__/　　／　　　＿)--'　　 　 　 　 丿 　 /<br>　　　　　　// ／￣　 -&lt;　　-‐￣　　　　　　　　r―　　 ／　　　　　　　. : :.:.:.:.:.:.:.:.:.:.:.:.:.:.:.:.:.:.:.:.:.:.:.:.:.:.:.:.:.:.:.:.:.:.:.:.:.:.:.:.:.:.:.:.:.:.:.:.:.:.:.:.:.:.:.:.:.: : .<br>　　　　　.// /　　 ／　 〉-　　　　　　　 __　-‐ ´ ヽ　／　　　 　 　 　 . : :　指の骨を先端から縦に口に入れて　　　　　　　　　　 : : .<br>　　　　　ﾚiУ　　/　／　　　　　　__　ノヽ　　　　--'.　　　　　 　 　 　 . : :　前歯で少しずつ削った時の食感がお気に入りです　 : : .<br>　　　　　//　　 ∧/　　 　 　 　 〈＿＿__}／　　　　　　　　　 　 　 　 　 : : :.:.:.:.:.:.:.:.:.:.:.:.:.:.:.:.:.:.:.:.:.:.:.:.:.:.:.:.:.:.:.:.:.:.:.:.:.:.:.:.:.:.:.:.:.:.:.:.:.:.:.:.:.:.:.:.:.: : :<br>　　　　　｀　　 /_/<br><br><br><br>.<br>
35	◆kf7uIt1hRTUk	""	2017/11/24(Fri) 00:06:35 ID:54b9e56d	　　　　　　　　　　　　＿＿<br>　　　　　　　　　,...-.'::::::::::::i:｀:‐.､<br>　　　　　　　 ／ ｀ヽ　　　ﾊ　　:::＼<br>　　　　　　 /　ノ　　,...---.､｀ ､　::::ヽ　　　　　　. : :.:.:.:.:.:.:.:.:.:.:.:.:.:.:.:.:.:.:.:.:.:.:.:.:.:.:.:.:.:.:.:.:.:.:.:.:.:.:.:.:.:.:.:.:.:.:.:.:. : .<br>　　　　 　 ,'｀ゞ､　 /､_ヽ;;;;;;;;ヽ ,ゝ‐､_:',　　　　 . : :　目玉は舌を使って上手く抉り吸い出します　　: : .<br>　 　 　 　 | 　 　　|;;;;;;;;●ｰ-;;|　　'´::::|.　　　　　: : :.:.:.:.:.:.:.:.:.:.:.:.:.:.:.:.:.:.:.:.:.:.:.:.:.:.:.:.:.:.:.:.:.:.:.:.:.:.:.:.:.:.:.:.:.:.:.:.:. : :<br>　 　 　 　 ';　　 　 ゝ;;;;;;;;;;;ヽノ　　.::::::,'<br>　　　　　　ヽ:‐く　　 ｀ﾞ―‐'&quot; 　 .:::､_/<br>　　　　　　　＼..｀.ｰ　 -､　_...::::::::／ 　 　 　 　 . : :.:.:.:.:.:.:.:.:.:.:.:.:.:.:.:.:.:.:.:.:.:.:.:.:.:.:.:.:.:.:.:.:.:.:.:.:.:.:.:.:.:.:.:.:.:.:.:.:.:.:.:.:.:.:.:.:.:. : .<br>　　　　　　　　 ｀ゝ､:_::＿Y__;;;:イ´　 　 　 　 　 : :　舌でプチュンと潰したときの感触はたまりません　　 : : .<br>　　　　　　　　　 | l　|,!､/ ,ｲl　,!　　　　　　　　　: : :.:.:.:.:.:.:.:.:.:.:.:.:.:.:.:.:.:.:.:.:.:.:.:.:.:.:.:.:.:.:.:.:.:.:.:.:.:.:.:.:.:.:.:.:.:.:.:.:.:.:.:.:.:.:.:.:. : :<br>　　　　　　　　　 ゝヽ､/ / ソ /　　　　　　　 　 <br>　　　　　　　　　　 ｀ヽ! lイ_ノ　　　　　　<br>　　　　　　　　　　　 /ゝ｀'､!.　　　　　 　 　 　 　 . : :.:.:.:.:.:.:.:.:.:.:.:.:.:.:.:.:.:.:.:.:.:.:.:.:.:.:.:.:.:.:..:.:.:.:.:.:.:.:.:.:.:.:.:.:. : .<br>　　 　 　 　 　 　 　 l l､｀ヽ,ヽ.　　　　 　 　 　 　 : :　それから視神経をすすり　　　　　　　 　 　 : : .<br>　　 　 　 　 　 　 　 ゝヾ-/丿　　　　 　 　 　 　 : :　噛まずに飲んでのどごしを楽しみます　　 .: : .<br>　　　　　　 　 　 　 　 ) ）!/　　　　　　 　 　 　 　 : : :.:.:.:.:.:.:.:.:.:.:.:.:.:.:.:.:.:.:.:.:.:.:.:.:.:.:.:.:.:..:.:.:.:.:.:.:.:.:.:.:.:.:.:. : :<br>　　　　　　　　　　　 （ (, ´　　　　　　　　　　　　<br>　　　　　　　　　　　　｀ヾ<br><br><br>.<br>
36	◆kf7uIt1hRTUk	""	2017/11/24(Fri) 00:06:46 ID:54b9e56d	　　　　　　　　　 　 　 　 　 .,. : : ´　¨　ﾞ: : .､<br>　　　　　　　　 　 　 　 　 .〃.: : : : : : : : : : :.:ﾞ.､<br>　　　　　　　 　 　 　 　 .〃.: : : : :.:{:.:/:,: :./,: : .ﾊ<br>　　　　　　　　　　　 　 /:.: : : : 从 ﾚ'〃‐+､l }}i!iﾊ<br>　　　　 　 　 　 　 　 ,ィ.: : : : : :ｒ !: !|〃戓`ｙ |i!}<br>　　　　　　　 　 .-=彡,:.:.: : : : :.ヽ|:.:! 　　　（.{.ﾘ<br>　　　　 　 　 　 　 　 〃}: : : : :.:/|: |　　､_, ' |<br>　　　　　　　　 　 　 　 ,′.: : :/ :|: ト .,_ノ}ｉ:.:|<br>　　　　　　　 　 　 　 ./:〃⌒＼│:!: :! . ﾉ|:.:|　　　　　　　　　　　　　　　　　　　　　　　 　 　 　 　 　 　 　 　 r;ｧr;;ｧ<br>　　　　　 　 　 　 　 ./: :i . 　 　 }|: ﾄ-ﾄ､　ｌ :.!　　　　　. : :.:.:.:.:.:.:.:.:.:.:.:.:.:.:.:.:.:.:.:.:.:.:.:.:.:.:.:.:.:.:.:.:.:.:.:.:.:.:.:.:.:.:.:.:. : .../７,ﾆ'ヾ/<br>　　　　　　　　　　　/: :│　　 i .!|: |　　ﾄ､|: :!　　　　. : :　そして一番のごちそうはお腹の中にい r‐;;;'';;;;;~｀i ,r;‐;-;､、<br>　　　　　 　 　 　 .〃:Σ|　 　 ｌ }.|: | 　 i} .|: :!　　　　　: : :.:.:.:.:.:.:.:.:.:.:.:.:.:.:.:.:.:.:.:.:.:.:.:.:.:.:.:.:.:.:.:.:.:.:.:.:.:.:.:.:.:.:.l;;;;;;;;;r-i;;;;l,/;;;&lt;&gt;;;;;/<br>　　　　　　　　　 /: : : : :!.　 　| l !: !　rくつ :}.　　　　　　　　　　　　　　　　　　　　　　　　　　　　 　 ７;;/　L;」くノヾ;;;;/<br>　　　　　 　 　 ./:.:: : : :.::l　　 .| l !: !　iし'〉ヽ　　　　　　　　　　　　　　　　　　　　　　　　　　　 　 　 /ノ　　　　　&lt;;;/<br>　　　　　　 　 /:.:ﾉ}.: : :.:.:}　　 | }.|: |　　,′ .〉　　　　　　　　　　　　　　　　　　　　　　　　　　　　　　　　　　 　 r―‐┐,へ、<br>　　　　　 　 ./／ .l:.: : : :.l　　 | } !: !　　　〃　　　　　　　　　　　　　　　　　　　　　　　 　 　 　 　 　 　 　 　 　 ~,フ&quot;;´;;／<br>　　　　　　 /,′　ｌ: : : : :.|　　.|ﾉ |: |　　　{<br>　 　 　 　 / 　 　.ﾊ: : : : :| 　 .| . |: |　　　|<br>　　 　 　 .{　　　/: : : : : :.|　　|　.|: |　　　|<br>　　 　 　 　 　 /: : : : : : :.|　　|　.|: |　　　|<br>　 　 　 　 　 ./: : : : : : : :.|　　|　 !:.|　　　|<br>　　 　 　 　 /: : : :从: ﾊ:.:|　　|　 ! |　 　 .|<br><br><br>.<br>
37	◆kf7uIt1hRTUk	""	2017/11/24(Fri) 00:06:56 ID:54b9e56d	<br>　　　　　　　　　　　　　　　　　　　　　　　　　　　 -‐‐-<br>　　　　　　　　　　　　　　　　　　 　 　 　 　 ／　　　　　　 ＼<br>　　　　　　　　　　　　　　　　　　　　　　　 /　.:.:.::::::::::::::::.:.:.　 ﾞ<br>　　　　　　　　　　　　　　　　　　　　　　　;　.:.:（◎）::::::（◎）:.:.<br>　　　　　　　　　　　　　　　　　　 　 　 　 {　:.:.:::::::::::::::::::::::.:.:　　}<br>　　　　　　　　　　　　　　　　　　　　　 　 ＼　:.:::::::::::::::::::::.　 ／<br>　　　　　　　　　　　　　　　　　 　 　 　 　 　 &gt;　::::::::::::::::::　&lt;<br>　　　　　　　　　　　　　　 　 　 　 　 　 　 ／　.:.::::::::::::::::::::.:　ヽ<br>　　　　　　　　　　　　　　　　　　　 　 　 /　　.:.::::::::::::::::::::::.:　　'<br>　　　　　　　　　　　　　　 　 　 　 　 　 /　　.:.:.::::::::::::::::::::::::.:.　　｀､<br>　　　　　　　　　　　　　　　　　　　　　/　:;　:.:.:::::::::::::::::::::::::.:.<br>　　　　　　　　　　　　　　　　　　　　　　:.:l　:.:.::::::::::::::::::::::::.:.:　　i<br>　　　　　　　　　　　　　　　　　　　　 　 :.:|　:.:.:::::::::::::::::::::::::::.:.　｜　|<br>　　　　　　　　　　　　　　　　　　　　 {　.::| 　:.::::::::::::::::::::::::::::.:. 　|　 }<br>　　　　　　　　　　　　　　　　　 　 　 ヽ _ｸ　 :.::::::::::::::::::::::::::::.:　(r_ ﾉ<br>　　　　　　　　　　　　　　　　　　　 　 　 | 　 :.:.::::::::::::::::::::::::.:.:　｜<br>　　　　　　　　　　　　　　　　　　　　　　 '.　　:.:.:.:.::::::::::::::.:.:.:　　,<br>　　　　　　　　　　　　　　　　　 　 　 　 　 ､　　:.:.:..:.:.:.:.:.:.:.:.:　 /<br>　　　　　　　　　　　　　　　　　　　　　　　 {　　 ┬---┬　　,′<br>　　　　　　　　　　　　　　　　 　 　 　 　 　 ',　　｜　 　 |　　,<br>　　　　　　　　　　　　　　　　　　　　　　　　　 　 |　　　 |<br>　　　　　　　　　　　　　　 　 　 　 　 　 　 　 } 　 |　　　｜　{<br>　　　　　　　　　　　　　　　 　 　 　 　 　 　 ﾉ　　|　　　｜ 　ヽ<br>　　　　　　　　　　　　　　　　　　　　　　 　 ` ー┘　　 └一 '<br><br>.　　　　　　/⌒ヽ<br>　　　　　 /　/ {l }＿＿＿<br>　　　　／ ∨{l／ニニニﾆ｀≦=ｧ<br>　　　/　　/イニニニニニニﾆ/_/<br>　　　{_／ニニニニニニニニﾆ//<br>.　　 /ニニニニニニニニﾆﾆﾆ/｛<br>　　 {ニニニニニニニニニニ/_∧<br>　　 乂ﾆ}∨⌒≧====彡'⌒V_/_∧<br>.　　　 ∨: : : : : : : ,､ ∧∧:/fﾘﾄ､}＼＼<br>　 　 　 ∨∨＼／　∠｀{_/ﾉ /　 V}}　 ＼<br>　　　　 ∧(fｶN　イf斧ﾉ　 }ｲ　　 }Vつ　⊂≧ ､<br>　　　　　∧　　}　　u u　u.}冂　 //　／)　⊂⊃＼<br>　　　　 冂∧　｀_. ┐u　／.∨ ｲ/／)　／´￣￣ ∧<br>　　　　 ∨ {_{＼こ´　／　 ／／/　　/　　{) 　 {)　∧<br>　|＼　　　 {_{＼ ｰ＜　 ／／ 　 　 ./ {)　　　　　　 /<br>　∨∧ 　　}_}　　&gt;＜´/_/　　(}　／ 　 (/ 　 (/ (//}＼<br>.　 ∨∧__ノｲ ／／＼{_/　(}　／　 　 　 (/　 /／ノﾆﾘ 〉<br>　 　 ⌒¨¨¨¨¨¨´　　 /＞-／　(/　(/　(/　 /─一　イ)<br>　　　　　　　 　 　 　 ＼／　(/ 　 (/ 　 /) /=====＜/<br><br><br><br>.<br>
38	◆kf7uIt1hRTUk	""	2017/11/24(Fri) 00:07:06 ID:54b9e56d	<br><br><br>　　　　　　　　　　　 　 　 　 □<br>　　　　　　　　　　　　　　　 ┌─┐<br>　　　　　　　　　　　　　　　 └─┘<br>　　　　　　　　　　　　　　　┌───┐<br>　　　　　　　　　　　　　　　└───┘<br>　 　 　 　 　 　 　 　 　 　 ┌─────┐<br>　 　 　 　 　 　 　 　 　 ┌┼─────┼──┐<br>　 　 　 　 　 　 　 　 　 │└─────┘　 　 │<br>　 　 　 　 　 　 　 ┌─┼─────────┼───┐<br>　 　 　 　 　 　 　 │　 └─────────┘　 　 　 │<br>　 　 　 　 　 　 　 │　　　　　　　　　　　　　　　　　 　 　 　 │<br>　 　 　 　 　 　 　 └───────────────┘<br><br><br><br>.<br>
39	◆kf7uIt1hRTUk	""	2017/11/24(Fri) 00:07:16 ID:54b9e56d	<br>,.:,; ' ''..　.,;.'..:⌒`;,: .　　..;;.,　　　　　　　　　　　　　　　　　　　　　　　 　 　 　 ｀ ､　　'<br>　,,.;. ; :.,　　　.. .''... .. '　　 ..;,):.,,　　　　　　　　　　　　　　　　　　　 　 　 　‐―　 ○ －　‐<br>　　　　　　 　''　　'.': ;,::.　. 　..., ;)　　　　　　　　　　　　　　　　　　　　　　　　　, '　ヽ<br>　.''.:.:´⌒`.: .: ...　　　　. ...,. . ,;　　　　　　　　　　　　　　　　　　 　 　 　 　 　 ,.　　　 ヾ<br>.''':.　.,'''.:;.　.::　.'.　,.:,;　　...,; ''　　　　　　　　　　　　　　　　　　　　　　　　　 , '<br>-'' ' '　　　ー''　ｰ　 '''　''<br>　　　　　　　　　　　　　　　　　　　　　　　　　　　　 　　　　　　　　　　.:: ..'...:⌒`　　: .: ..,,;.,<br>　　　　　　　　　　　　　　　　　　　　　　　　　　　　　　　　　.: ...:::⌒`　''　　　　　　　　　 　'.':. .,.; ,..<br>　　　　　　　　　　　　　　　　　　　　　　　　　　　　　(　　　 .: .....:　　　...:.: .: ⌒` .: ..:.: .: ...　.　 .:.:.<br>　　　　　　　　　　　　　　　　　　　　　　　　　　　　　　(.,　.: ...　: .　 .:　 .　　::: ....::..　: 　.　.:　... .. .<br>　　　　　　　　　　　　　　　　　　　　　　　　　　　　　　　　　｀　.　:. .;;,　　.:;. 　 .　　.　 .: 　　　.　..::<br>　　　　　　　　　　　　　　　　　　　　　　　　　　　　　　　　　　　　　　'' ' 'ー　'''　　''　―'''　''　‐-''<br><br>　　　　　　　;&quot;ヾ;　　　;&quot;ヾ ;&quot;　　　　　;:;:.;:ヾ　　　　　ノ ;ヾ<br>　　;&quot;ヾ　 ;&quot;:;:.;:ヾノ)) &quot; ;&quot;;　　&quot;ヾ ;&quot;　&quot;　 ;ヾ &quot;　; 　ヾ ;ヾ 　　　;;;ヾ &quot;;;;ヾ&quot;;&quot;&quot;<br>　　　　;ヾ ;ヾ ;&quot;;ヾ;&quot;　 ;ヾ ;ヾ ;　　r&quot;&quot;ヾ ;))ヾ ;&quot;:;:.;:ヾ ; ;ヾ 　　　　;ヾ ;;: ノ<br>　　;&quot;ヾノ:;:.;: ;ヾ r:;:.;:;&quot;:;:.;:;ヾ ;ヾ ;&quot;ヾ ;:;:.:;:))　　　　　 &quot;;ヾ 　　&quot;:(^);r ;ヾ　 ;　　　&quot;;:&quot;&quot;; &quot;;<br>:;:.;: ; &quot; ;;&quot; ヾ((ヾ:;:.;:　;&quot; 　;ノヾ&quot; ; ;:(^)　ヾ ;&quot;;ヾ ;ヾ　 　&quot;〃;ヾ　;ヾ&quot;:;:.;: ; ;ヾr ;;&quot; 　..,,<br><br><br><br>.<br>
40	◆kf7uIt1hRTUk	""	2017/11/24(Fri) 00:07:26 ID:54b9e56d	<br>　　　　　 　 　 　 　 ｰｧ三三三三三三三三二ﾆヽ＼<br>　　　　　 　 　 　 　_≧三三三三三三三二ニ三ﾆヽﾊ　　　　　<br>.　　　　　　　 　 -=ﾆ三三二ﾆ ｚ三三三三ﾆ三三_三ﾘ　　　　　<br>　　　　　 　 　 　 　 ｀ ＜|: ,へ-､: : : : : :／V‘ｰ┴､￣ヽ　　　　<br>　　　　　　　　　　　　　　ﾚｌ/ )　∨｀ヽヘ、 V: : :ｆ二 ヘ ＼<br>.　　　　　　　　 　 　 _＿_l人__,　　ｉ´　､‐ｔｒｰ∨／ ´ヽ　　__|＿　<br>.　　　 　_＿＿　 　 │＼l　ﾉ ｌ　　|　　 ￣ 　 !| __L、　　/　 　 |　　　　　┌───────────────────┐<br>　　　／　　　　￣￣} 　 /｀〉∧　　 　 　 〈,__j/＼_ﾉ＼ /／　´￣〉 . 　 　 　 読むのに夢中になって気づくのが遅れたが<br>　　/　　　 　 　 　 | ヽ　ﾚ'´＼ ＼ 　 　 =ｰｒ'ヽ__　　　〈　/　　　∧　　　　　 問題なく「その人」も本にして難を逃れた<br>.　〈　　　　　　　　　＼ ＼　　 ＼ ＼＿｀ﾌ´__ |ｒ'| 　 　 V　/　　　ﾊ....　　└───────────────────┘<br>　　|＼　 　 ヽ.　　　 　 　 丶、　 ￣ |　_／ /｀ヽl　　 　 ∨　　　　∧　　<br>　　|　 　 　 　 ＼ 　 　 　 ＼__＼＿,ﾉﾚ__／　　 ´￣h　　{　　l　 　 ∧<br>. 　 !　 　 　 　 　 ヽ.　　　　　 　 　 　 ｀ヽﾍ　　　 　 |.}　　|　 l　　　　 ',<br>.　　l 　　　ヽ　　 　 〉　　　　　 　 　 　 　 〈ﾍ　　　　ヽ＼││　　　　∧<br>　 　l 　 　 　 ＼　.:|: :＼ 　 　 　 　 　 　 　 ﾊﾍ　　　　＼ |　　　　 　 　 '.<br>　　 |　　i　　 　 ヽ::|: : : :ヽ　　　　　　　　　 丙〈ﾍ　　 　 | {　　　　　　　 i<br>　　！ ,│　　＼　 }　 　 　 　 　 　 　 　 　 }ｊﾉ／＝‐-- l　V　　　　 ﾞヽ│<br>.　　 ｀ヽl　　　　 ヽl　 　 　 　 　 　 　 ,　 '´￣　　　　　　}　 Ｖ　　　　　| |<br>　　　　 l　　 ヽ　　 〉　 　 　 　 　 ,／　 　 二ニ　-‐　__人　 ＼ 　 　 　 !<br>　　　　 !　　　 ', 　 i　　　　　　　　　　　　　　／　 　 　 　 ＼＿ヽ 　 __,ﾉ<br>.　　　　ｌ　　　　i　　|、　　　　　　　　　　　／　　　　　　　　 　 ヽ￣<br><br><br><br>.<br>
41	◆kf7uIt1hRTUk	""	2017/11/24(Fri) 00:07:36 ID:54b9e56d	::::::::::::::::<br>::::::::::::::::￣￣￣￣~γ´￣￣￣￣￣￣￣￣￣￣￣￣￣￣￣￣￣￣|<br>::::::::::::::::::　 　 　 　 │､｢､､､ｦ､ｨ､ｪ ｣ｰ｣ｱ弓矢と雫七 而耳自蒔･ｩ　　.||<br>::::::::::::::::::　 　 　 　 │｣皀筌? ｣ﾘ｣ﾙ｣ﾚ　　　　　　　　　　　　　　　　 　 ||<br>::::::::::::::::::　 　 　 　 │竺軸宍雫七 而ﾊｸｻ嵂ｽ､ｱ･ﾑ･ｿ｡ｼ･?　　 　 　 ||<br>::::::::::::::::::　 　 　 　 │ﾊｸｻ嵂ｽ､ｱ･ﾑ･ｿ｡ｼ･埃及ｽ｡ｦｸｦｵ?.　　　　　　 ||<br>::::::::::::::::::　 　 　 　 │ｵ｡ﾇｽ｡ｴｼﾞﾌﾟﾄ?　　　　　 　 　 　 　 　 　 　 　 　 ||<br>::::::::::::::::::　 　 　 　 │｡ﾁ｡ｽ｡ﾝ｡?｡ｭｶ　　　　　　　　　　　　 　 　 　 ||<br>::::::::::::::::::　 　 　 　 │縺ゅ＞吸?∴血? ?鬼ｼ托ｼ抵ｼ?　　　　　 　 　 .||　　　　┌─────────────────┐<br>::::::::::::::::::　 　 　 　 │??ｽゑｽ? ?ｸ?ｹ?ｺ　　　　　　　　　　　　　　　 　 ||　　　　　　「病気」のせいか損傷が激しかったが<br>::::::::::::::::::　 　 　 　 │?ｱ?ｲ?ｳ?ｴ?ｵ ?1989?ｩ?ｪ繧ｩ　　　　　　　　　　 ||　　　　　　断片的な記憶も読むことができた<br>::::::::::::::::::　 　 　 　 │譁?ｭ痣星縺代ヱ繧ｿ繝ｼ繝ｳ　　　　　　　　　　||　　　　└─────────────────┘<br>::::::::::::::::::　 　 　 　 │讖溯?繝ｻ遐皮ｩｶ　　　 　 　 　 　 　 　 　 　 　 ||<br>::::::::::::::::::　 　 　 　 │?樞包ｼ搾ｼD｡I繹ｱ竭O?竇｡　　　　　 　　　　　 ||<br>::::::::::::::::::　 　 　 　 │､｢､､､ｦ､ｨ､ｪ ｣ｰ｣ｱ｣ｲ｣ｳ　　　　　　　　　 　 　 　 ||<br>::::::::::::::::::　 　 　 　 │｣皀筌? ｣ﾘ｣ﾙ｣ﾚ　　　　　　　　　　　　　　　　 　 ||<br>::::::::::::::::::　 　 　 　 │竺軸宍雫七 而耳矢弓･ｩ 　 　 　 　 　 　 　 　 ||<br>::::::::::::::::::　 　 　 　 │ﾊｸｻ嵂ｽ､ｱ･ﾑ･ｿ｡ｼ･?　 　 　 　 　 　 　 　 　 　 ||<br>::::::::::::::::::　 　 　 　 │ｵ｡ﾇｽ｡ﾀﾝﾄｽﾞ?　　　　　　　　　　　　　　　　　 　 ||<br>::::::::::::::::::　 　 　 　 │｡ﾁ｡ｽ｡ﾝ｡?｡ｭｶ　　　　　　　　　　　　 　 　 　 ||<br>::::::::::::::::::　 　 　 　 │　　　　　　　　　　　　　　　　　　　　　　　　　　　||<br>::::::::::::::::::　 　 　 　 │　　　　　　　　　　　　　　　　　　　　　　　　　　　||<br>::::::::::::::::::＿＿＿＿│.＿＿＿＿＿＿＿＿＿＿＿＿＿＿＿＿＿＿..||<br>::::::::::::::::::────へ──────────────────´<br><br><br><br>.<br>
42	◆kf7uIt1hRTUk	""	2017/11/24(Fri) 00:07:46 ID:54b9e56d	<br><br><br><br><br><br><br><br><br><br>　　　　　　　　　　　　┌──────────────────────―──―─――─┐<br>　　　　　　　　　　　　　　「その人」とは「彼女」――自殺森の住人の少女の「母親」だったようだ<br>　　　　　　　　　　　　└───────────────────────――──――─┘<br><br><br><br><br><br><br><br><br><br>.<br>
43	◆kf7uIt1hRTUk	""	2017/11/24(Fri) 00:07:56 ID:54b9e56d	　　　　　　　　 　 　 　 　 　 　 ,　　, -_,,_-―<br>　　　　　 　 　 　 　 　 　 　 ／‐ﾆ三三ﾐﾆ､-､_<br>　　 　 　 　 　 　 　 　 　 ／ニ三三三三三ニ､ﾆ.､<br>　　　　　　　 　 　 　 　 ,ﾉﾆ三三三三三三三ﾆ｀ｰ_-_,<br>　,|ミ.､　　　　　　　 　 /ニ三三三三三三三三ニ`ゝ<br>.｜三.',　i~i　　　　　　{{ミ三三三三三三三三三ﾐi.}.ヽ<br>.｜ﾆミｉ . iﾐ'.､. 　 　 　 `.i.三三三三三三三三三､､!､ﾘ<br>. ｌ三三｀｀ニﾐ＼　　　　 `､i三三三三三三三ミ',ヽゝ<br>　',ﾐ三三三三ミ',,.r- ,, _　 ',ニ三ﾆ三三三三三ミ<br>　.`､ﾆ三三三三三三三ﾆ&quot;ﾆ三三三三三三ミ.`｀、<br>　　.` ､ニ三三三三三三三三三三三三三三三ﾐゝ<br>　　 　 .` .=三三三三三三三三三三三三三三三三.､<br>　 　 　 　 .ゝ,ﾆ三三三三三三三三三三三三三三三`､　　　　┌─────────────────────┐<br>　　　　　　 .{ﾆ三三三三三三三三三三三三三三三三`､　　　 　 「その人」は海外旅行中にある男に恋に落ち<br>　　　　 　 ./ﾆ三三三三三三三三三三三三三三三三ミ`、.　　　 そいつに「食べられること」を望むようになった<br>　　　　 .／三三三三三三三三三三三三三三三三三三ﾐ', 　 └─────────────────────┘<br>　　　, '´三三三三三三三三三三三三三三三三三三三ミi<br>　　./三三三三三三三三三三三三三三三三三三三三三|<br>.　 ,'ニ三三三三三三三三三三三三三三三三三三三三ﾆ|<br>　.,'ニ三三三三三三三三三三三三三三三三三三三三ニ|<br>. ,'三三三三三三三三三三三三三三三三三三三三三三.l<br>.,'ﾆ三三三三三三三三三三三三三三三三三三三三三ﾐ/<br>l三三三三三三三三三三三三三三三三三三三三三ミ,.'<br>､三三三三三三三三三三三三三三三三三三三三ミ/<br>.`ｰ-.-,ﾆ三三三三三三三三三三三三三ミ､ミ､ニ三ﾐ,'<br>　　/´ﾆ三三三三三三三三三三三三三三ﾐ`ミ',` ､ミl<br>　 .&gt;.三三三三三三三三三三三ﾆ,､ﾆ三三三三.) .(_ノ<br>./´ニ三三三三三三三三三三ﾆ&lt;　`、ニ三ﾆ.ノ<br><br><br><br>.<br>
44	◆kf7uIt1hRTUk	""	2017/11/24(Fri) 00:08:06 ID:54b9e56d	　　　　　　　　　　　　　　　　　　　　　　　　　　　　　　　　　　　　　　　　　　　　 　 　 　 　 　 　 　 　 　 ___<br>　　　　　　　　　　　　　　　　　　　　　　　　　　　　　　　　　　　　　　　　　　 　 　 　 　 　 　 　 　__　 ana/　　　 　 .｡&lt;¨¨¨:7７<br>　　　　　　　　　　 __　　_＿____　　　　　　　　　　　　　　　　　　　　　　　 　 　 　 　 　 　 　-=≦　.:=-‐　′ 　　.｡&lt; ! i&gt;､　//<br>　　　　　　　,.ｨ≦:::..　．．．．．ｆ　:≧=‐--　　　　　　　　　　　　　　　　　　　　__　 -=≦　　.:=-‐ 　 　 　 　 .｡&lt;⌒|、ｌ｜　//<br>　 　 　 　 ．．．．．．ANA /】└┘　･・‥　　 　 ＝=-　　..,,___　　r‐─━≦ﾃ==--- ｧ 　´　 　 　 　 　 .｡&lt;⌒i&gt;､ l　 　 .//<br>　　　(　　------==[_ﾟ]===‥‥…‐[_]‐‐‐‐‐‐‐‐‐‐三〓‐　-=≦|}　　　 }王=‐ ≦三‐‐-- 　　 ..,___.｡&lt;⌒　 ｜　　 　 // _　 -=≠<br>　　　 ｀　　　　　　　　　　 　 　 　 ： 　-=＝＝i}¨¨≧=-下{____,,.　┗‐‐ﾃﾃ' 「:}．．．　___　　　　　　　 ¨¨¨三二ﾆ=-‐=￢　 ,,..　 ´<br>　　　　　　　 　 　‐--　　 ...,,____　　＞‐三‐‐‐|_____}___}斗辷..__..二ﾆ=-- 五ﾆ=‐‐ ---- ¨ ¨ ¨__‥｡[_;] ___ ‘` ‐---‐‐=セｱ<br>　　　　　　　 　 　 　 　 　 　 　 　 ￣~~¨¨¨r=== ‐---　　　...,,_____＿__　　.:}　　　　　　　　　　　____,..　¨¨ --‐‐　　 ¨´<br>　　　　　　　　　　　　　　　　　　　　　　　　|}　　　 }三丁|}￣￣}-==ﾃ ~~￣{「 ¨¨¨¨¨　 ~￣￣　　　　　　　　　　 　 　 　 　 　 　 　 　 .<br>　　　　　　　　　　　　　　　　　　　　　　　　 ¨¨¨¨¨　　　　¨¨¨¨ ￣　　　　　　　　　　　　　　　　　　　　　　　　　 　 　 　 　 　 　 　 　 :<br>　　　　　　　　　　　　　　　　　　　　　　　　　　　　　　　　　　　　　　　　　　　　　　　　　　　　　　　　　　　　　　　　　　.　　　 :　　　　:<br>　　　　　　　　　　　　 　 　 　 　 ┌────────────────┐　 　 　 　 　 　 　 　 　 　 .　　　 :　　　:　　　 :　　　　:<br>　　　　　　　　　　　　　　 　 　 　 　 しかし「男」にそれを拒否され帰国　　　　　　　　 　 　 .　　　:　　　 :　　　 :　　　:　　　 :　　　　:<br>　　　　　　　　　　　　 　 　 　 　 └────────────────┘ 　　 　 　 　 .:　　　:　　　 :　　　 :　　　:　　　 :　　　　:<br>　　　　　　　　　　　　　　　　　　　　　　　　　　　　　 　 　 .　　　.　　　:　　　:　　　:　　　:　　　:　　　:　　　 :　　　 :　　　:　　　 :　　　　:<br>　　　　　　　　　 　 　 　 　 　 　 　 　 　 .　　　.　　　:　　　:　　　:　　　:　　　:　　　:　　　:　　　:　　　:　　　 :　　　 :　　　:　　　 :　　　　:<br>::::.....　　 ::..　　　　　　人　　ィ　　　::...　...:::　　 ⌒⌒⌒..::) 人　::.:.... 　...::::...　　..:::.....　...::::: 　..::.　　 . ::　 　.. ::　. ...:::　　..::: 　 . ..::　　 ...::::<br>　　 (　　⌒)　　:::::.....(:.⌒ふ(　　　　　..::):::...:.:.　　　 .::⌒(　⌒)　 )::.. ..::⌒⌒ミ、　⌒).:) .::::..　　)::..　. ...::.::.::.::.::.(::....　..　　　　.　...::.......:.<br>::.　⌒):::...　::.. ....　　 ..::::...　　)⌒⌒Y⌒:::..:.:...　　　　　:::..ふ ⌒) (:::...人::.　 ..,ノ )..::: (ノ⌒⌒)::....⌒::... . ..:::.:::.:::.::.)::::.::.. て ...::(⌒..:::⌒):::.....<br>　⌒て　:::.　　　　(　::...　 ):::...　 ..::..:.::...　　　　　...::　　　..:::):::...　..::::::　　:::....　 ..:　　..:)　　 ::.　 :::..　　:(::.:::..:::　 ..::　　..::　:...::..　....::　 (:::. ⌒<br><br><br><br>.<br>
45	◆kf7uIt1hRTUk	""	2017/11/24(Fri) 00:08:19 ID:54b9e56d	<br>: : :j 　 |洲洲洲洲i:i::::::::::::::::: ; |;:;:;:;:;:;:;:;:: : : ⌒㍉ミﾐﾐﾐミﾐﾐﾐﾐ州i洲i洲|::::i:i:i:刈爻災淡淡淡淡<br>: : ｛ 　 |川^刈洲jl|i:i:::::::::::: : : :|__彡ﾞ⌒乂ツ;';';';';';乂ﾐﾐﾐﾐﾐﾐ泌ミ洲洲i|::::i:i:i:i爻爻爻爻淡淡淡<br>: : :{ 　 ｝i:i|ﾊi:i寸ミ|i:i:::::::::: : : :.:|刈爻;';';';';';';';'⌒ン;';';';'⌒ヾミﾐh､刈ﾉi:i{::::i:i:i:i:i爻爻j／:::::ｘ'爻爻<br>: : :}　　｛i:i|圦:i:i≧{i:i:i:::::::: : : :.:|洲爻;';';';';';';';';';';';';乂;';';';ツ災淡{∨i:i:ハ::::i:i:i:i:|爻ｧ'ﾟ::::イ川}ﾊi:i<br>: : :{　　:〔i:|ﾉﾉへi:i:i:i:i:i:::::::: : : : |川州洲x;';';';';';';';';';';'刈爻爻炎圦i:i:/ﾐﾐ}:::i:i:i:i:ﾚ'ﾞ::,.ｨシﾞ:ﾉﾉ乂ji:i<br>: : :{　　: {i:|ilililil/ヽi:i:i:i:::::::{ : :{ :|ﾉﾉノﾉ洲刈爻爻xく爻从爻爻ﾊi:∧乂ﾐj:::i:i:i:i:i／i:i:i:i:彡ｨｲシ{i:i<br>＾i : {　: : {i:|ililili|i:i:i:|ilili:i:::::j' : 川水彡j乂爻爻爻爻ミ爻乂ノ＾ｉ|:|i:i:i:ﾍ｀'{::::i:i:i:iﾉi:i:x&lt;个i:i:i:｢爻{i:i<br>;:;{ : : :、 :{i:|ililili|i:i:i:|ilili:i::::: : ::{: |i:i:/刈ililｉ|＼｢i:i刈爻ﾄﾐ刈メj::::i|::|i:i:i:/刈:::i:i:ｉ:ｉ|i:i:i:乢j|i:i:i:ｉ|爻ﾐ|i:i<br>.:.:＼: ::　 Wililｉｌ|i:i:ｉ:|ilili:i:::::: : :{:.:|i:ｉ|⌒|ililil|＾'ｖi:iﾉﾉ: : : ^'ｯｊﾘｲ:::ｼ| |i:i:ｉ:|㍉|:::i:i:i:i|i:i:i:i|＾'ﾘi:ｉ:ｉ:|＾Yi:ｉ|i:i<br>..::.. : ::┌──────────────────────────────┐.||i:i:<br>.:.: { : :{. 　 その後身ごもっていたことに気づくと赤ん坊をあの「自殺森」に捨てた　　:ｉ|.|i:i:<br>.:.:.:{ :. └──────────────────────────────┘| |i:i:<br>＼j{ : :{ :　　{寸爻|ililii:i:i:{::: :ヽ　{i:i} jilili:i:ｉ:ｉﾞ|i:ｉ|;:;{　　　ノ::j':::|ノ:::ﾉi:i:i:i:Ⅵ::::i:i:i|i:i:i:i|爻j|i:i:i:刈i:i:リi:i<br>;:;:ﾉi| : :}i　　j　やりililﾘi:i:乂: :〈　{i:川ilililili:i:|i:ｉ|::从ﾆ二￣￣爻爻i:i:i:i:i:j{.:.:i:i:i:Ⅵ从j'りi:i:i从ｼシi:i:i:<br>;:;:;:;j|i: :|i ＼　　 ∨ilil}i:i:i:}ilil〕ｈ､ 乂ｖｗｖｗｌ|ｉ:ｉ|'　　　. : ￣￣＞''&quot;&quot;&quot;∨.:ノ｡s≦{{三三/洲洲ﾉｼ从<br>;:;:;:川 八: : 》　: : ﾔ洲洲洲州州沁,爻爻ﾘi:i:|⌒ヽ､_:_:_:_:ノ´_-二三ﾉイ三V(_j}三三/(xxＸＸＸＸＸ<br>;:;:〈 ∨/∧/: : 〉: ::}爻爻爻爻爻刈州川Ｘ刈爻ﾐｘ　￣＿￣￣￣-=ﾆ二三＼＼　/ /刈;';';';';';';';'<br>;:;:;:;〉:∨:/∧: : ::Vﾊ,;ﾞ,;ﾞ,;ﾞ:ﾞ:ﾞ:ﾞ:ﾞ:ﾞ:ﾞ:ﾞ:ﾞ:ﾞ｀`''ミ爻ミ爻ミ爻ミｘ　---=ﾆ二三三三三＼∨/∧ 乂;';';';';';';';'<br>∧(: : ∨.:/∧: : :}八,:ﾞ,;ﾞ,;ﾞ,;ﾞ,;ﾞ,;ﾞ,;ﾞ,;ﾞ,;ﾞ,:ﾞ,;ﾞ,;ﾞ,;ﾞ,;ﾞ,;ﾞ,;ﾞ｀｀` ｰ￢宀宀宀￢冖⌒　 　 　 }:}//　)／'&quot;´<br>i:i∧.: .: 〉;:;:/∧ : '/∧从--─…￢宀冖ﾆ““¨¨””￣~´&quot;''～-　　_　　　　　　　 }// ／ｱ=-<br>i:i:i:〈＼ﾉｨﾉi:i:;:;:＼: : /ﾍ{.:ﾚイィ;:;:;:;:;:;:;:;:.:.:.:.:.:.:.:.:.:.:.:.:.:.:.:.:;:;:;:;:;:;:;:;::::::::::｀`''ｰ‐--─'//／／.,.,　　　从<br>i:i:i:≪＾ヾﾉ＞i:i:i:i:刈ノノＹノノix;:;:;:;:;:;:;:;:;:;:;:;:;:;:;:;:.:.:.:.:.:.:.:.:.:.:.:.:.:.:.:.:;:;:;:;:;:;:;:;:;:;:;:;:;:;:;:;/i:i/´;:;:;:;:;:;:)V)V)V<br>⌒ヽﾉ川从ﾊi:i:＾Ｙ水川从从シ爻ﾐx;:;:;:;:;:;:;:;:;:;:;:;:;:;:;:;:;:;:._､-─……─--　　_イシﾞ;:;:;:;:;:;:;:;:川从川<br>....,ｼ从ヾ;:ﾐ:爻乂从州洲洲洲从ｼ''^＾￣　　￣　￣　　.　.　.　:　:　:　:,　:, :, :,｀``````⌒⌒''＜⌒<br><br><br><br>.<br>
46	◆kf7uIt1hRTUk	""	2017/11/24(Fri) 00:08:29 ID:54b9e56d	<br>　　　　　　　x=ﾆ三三三三三三三三三三三三三三三ﾆ=x<br>　　　 ｨ三三三三三三＞ニ＝=≦x三三三三三三三三三三三三<br>　　三三三三三三／´　 　 　 　 　.｀ﾞ＜三三三三三三三三三三三<br>　三三三三三ﾆﾞ/　　　　　 　　　　　　　＞ニ＝=三三三三三三三三　　　　　　┌─────────────────┐<br>　三三三三三ﾆﾞ　 　 　 　 　 　　　　 ／　　　　　　｀ﾞ＜三三三三三三三三　　　　 その後別の男性との恋愛中に「発病」<br>三三三三三三{　　　 　　 　 　 　 ／′　　　　　　　　　　⌒ヾ三三三三三三...　└─────────────────┘<br>ﾞﾞ三三三三三∧　 　 　 　 　 　 /　　　　　　　　　　　　　　　　ﾞﾏ三三三三三<br>三三三三三三∧　 　 　 　 　 /　　　　　　　　　　　　　　　　　　ﾞ≦三三三三<br>'ﾞ三三三三三三∧、 　 　 　 /　　　　　　　　　　　　　⌒ヽ　　　　　｀ﾞゞ=三三<br>　　三三三三三三z＞ニ＝圦　　　　 　　　　　　　　　　　 Vx､　　　　　　　}三　　┌────────────────┐<br>　　　ﾞ三三三三三三三三三ゞx　＼　　　　　　　　　　　 　 }三≧x　　　　 ﾉ三　　　　交際相手に奇しくも娘と同じ<br>　　　　　 　 　 三三三三三三ﾆヾx　＼　　 　 　 　 　 　 　 {三三≧三三三三 . 　 　 「自殺森」に捨てられたということだ<br>　　　　　　　　　　　　三三三三三ヾx_　ヽ　　　　　　　　　　V三三三三三三...　　└────────────────┘<br>　　　　　　　　　　　　 　 三三三三三≧ﾉﾉ≧x=ニ三{　　　　ー-=三三三三<br>　　　　　　　　　　　　　　　　　　三三三三三三三三&gt;x　　　　　　x}三三三<br>　　　　　　　　　　　　　　　　　　　　三三三三三三三三三三三三三三三<br><br><br>.<br>
47	◆kf7uIt1hRTUk	""	2017/11/24(Fri) 00:08:40 ID:54b9e56d	　　　　　　　　　　　　　　　　　　　,..≠ー--.-.-.-‐=ー-ミ<br>　　　　　　　　　　　　　 　 ,ｲ,才&quot;.:.:.:.:.-=ー.:.:.:_.:.:.:.｀:.＜｀:.....,_＿_,<br>.　　　　　　　　　 　 　 　 /.:.:.,.:彳三二ﾆ=-ー-ミ.:.:.:.:.:.:.:｀:.ー=≦_,<br>　　　　　　　　　　 　 　 /.:.:.:.:.:.:.:.:.:.:.:.:.:.:.:.:.:.:-‐=≠_,.:.:.:.:.:.:.:ー-ミー-_,<br>.　　　　　　　　　 　 　 /.:.:.:.:.:.:.:.:.:.ｨ.:..:.:.:._三二ﾆ=ミ.:.:.:.:.＜-‐≦才<br>　　　　　　　　　　　　 {.:.:.:.:.:.:ﾊ:./ハ{￣. : : : : : : : : ＼{⌒^二ﾆ≠<br>　　　　　　　　　　　　 乂_:N:{. ｲ: : : : : : : : : ≠､: : : : :!三二≠<br>　　　　　　　　　　　　　　 {:乂 :_　_/^＼: : /⌒ヾ/∧_{<br>　　　　　　　 　 　 　 　 　 ' : /_,斧ｨ,　^ヾ7 .{　 〉ニニ{<br>　　　　　　　　　　　　　　　Vv ^だ^　 ',　　 7　{-ﾆﾆ-}<br>　　　　　　　　　　　　　　　 /　: .,_｀　　'. 　 {ゝ刈八从__. 　 　 　 　 ┌────────────┐<br>　　　　　　　　　　　　　　　 ー-t ,..=ｰ　　　; }i{　　＞'&quot;/{.　　　　 　 　 　 そして興味深いことに<br>　　　　　　　　　　　　　　　　　　ゝ　　　 ／　＞ ´　　ｲ. }　 　 　 　 └────────────┘<br>　　　　　　　　　　　　　　　　　　 人_,..イ≫&quot;_三ﾆ=-ｭ　　,　　　　　　<br>　　　　　　　　　　　　　　　　　　　　 　 }　◎二ﾆ=イ　　ハーｭ,<br>　　　　　　　　　　　　　　　　　　　　　/_,..　　-‐　 ,　　二三__7　 　┌──────────────┐<br>　　　　　　　　　 　 　 　 　 　 　 __f´ー=＝　　　 /　　　　　　{ 　 　　 　 「その人」にはもう一人――<br>　　　　　　　　　　　　　　　　　 _}　　　　_,..　-‐=ミ　ー-　 ⌒7.　 　└──────────────┘<br>　　　　　　　　　　　　　　　　　{/∧　／　　　　　　｀ ＜　　　{<br>　　　　　　　　　　　　　　 　 {７乂 イ　　　　　　　　　　 ヽ 　 :,<br>　　　　　　　　　　　 　 　 　 /才ｲ_,　　　　　　　　　　　　}}　 ∧<br>　　　　　 ,..　-‐ー-　..,,_　／／_厂　　　　 　 　 　 　 　 /:i　　 7<br>　　　　／＞‐‐-ミ　 ,.. -‐≠⌒　　　　　　 　 　 　 　 ／ ,八<br>.　　　〈 //　　　　 ｀ ー-ﾐ　　　　　　　　　　　　　, . :　イ　　 ﾞ<br>.　　 　 v{　　　　　　　　ヽ ＼　　　　　　　　　 ／　　__,　　,<br>　　　　,才＞ .,　　､ ヽ　ヽ∨,}　　　　　　　,..≠-‐=ﾆ二　 /<br>　　 ／　　　　 ＼　ヽハ　} ∨　,..　-‐= &quot;／,　 　 　 　 ／<br>.　 /　　　　　　 . ﾊ　}　j},ﾉ} ﾉ'&quot;　　　　イ　,ｲ　 　 　 ／<br><br><br><br>.<br>
48	◆kf7uIt1hRTUk	""	2017/11/24(Fri) 00:08:50 ID:54b9e56d	<br><br>　　　　　　　　　　　 　 　 　 □<br>　　　　　　　　　　　　　　　 ┌─┐<br>　　　　　　　　　　　　　　　 └─┘<br>　　　　　　　　　　　　　　　┌───┐<br>　　　　　　　　　　　　　　　└───┘<br>　 　 　 　 　 　 　 　 　 　 ┌─────┐<br>　 　 　 　 　 　 　 　 　 ┌┼─────┼──┐<br>　 　 　 　 　 　 　 　 　 │└─────┘　 　 │<br>　 　 　 　 　 　 　 ┌─┼─────────┼───┐<br>　 　 　 　 　 　 　 │　 └─────────┘　 　 　 │<br>　 　 　 　 　 　 　 │　　　　　　　　　　　　　　　　　 　 　 　 │<br>　 　 　 　 　 　 　 └───────────────┘<br><br><br><br>.<br>
49	◆kf7uIt1hRTUk	""	2017/11/24(Fri) 00:09:00 ID:54b9e56d	<br>　 ,:;;;:;ヾ ゞゞ'ヾ ゞ:;ヾ ゞゞ';':,;j:;, ;,i;:,i!:;,'ﾐ:.ﾐ,&quot;,:'';ﾞ`;;:y;';;;:ゞﾐ;''ｿ:;ゞ;';:;;:ﾞ､`､;';:;&quot;;;;:;ヾ ゞゞ'　ヾ ゞゞ'ヾ ゞ:;ヾ:;ゞ;;';:&quot;:;ヾ ゞ;<br>　&quot;'`',:'':;;:,'ﾐヾ:,;:ゞ'ゞ.;;:';;ゞ;:!; l .;,;::. :l.:;r&quot;ｿ;;:';;ゞﾐ:;.;;ゞ;:;ゞ,:;i''`ヾ;ﾐ:;;:,ゞ:;ゞﾐ,:;:'':;:;:;ゞ;ゞゞ;ゞ;:'':;;:,'ﾐヾ:,;:ゞ'ゞ';;ゞ;;'ゞ;;:'ゞ';;:.:;<br>　.,.;;'ン:;.;ヾ ゞ:.;;ﾐ;:;ゞ':;ヾ;:;|;; | :;;;.;::.| ;|;;`;,'ﾐ:;ﾐ,&quot;ゞ;&quot;, |; ｉ　:|!:.::.:.:.`;;:ｿ:;:ﾐゝ,:;:'':;:;;.::;,'ﾐ:.ﾐ,&quot;'ﾞｿ:;,:;.;ヾ ゞ:.;;ﾐ;:;ゞ':;ヾ:;':;;ヾ;:&quot;<br>　,;&quot;;:ヾゞ ゞ';:;:;ヾ:'':;:;,'ヾゞ|;;:.;;;:.,;;l:;;l.:;|;:;ゞ;;,':;.ﾐ,,:;:;'' :;|: l:　 ;|:. :. :. l .:ｉ|;`::;,'ﾐ;r''ｿ:;;ﾞ､＼ﾍ;;:ﾐ:';'i:l;j;:ｌ;,i:;;'ゞ;:ヾ;;:':;ゞ;ゞ';:ゞ;ヽ<br>.:;;;:;ヾ ゞゞ';::;;ヾ;;ヾ;ゞ:;;ゞ;|:';:.;;,;:.:;| ;;,:;|;:;ゞ;ゞゞ;ゞ,:;;ﾐ:;|;;:|:. .::;|:. :. :.;| .;:|;;:;ヾ:;ﾐ;:ﾞ:, ,;.,. ,.:;ヽ:;ゞ!:;j:iｌ:;j:,j,:r;ｿ;:ゝﾐ;ゞ;ゞ:;;ヾ:'ﾞ､<br>;&quot;;;;:;ヾ ゞゞ'::､:;;:ゞﾐ;'';;.,;ﾐ|;;:j ;;,;,: :;;.,;;:|ﾞ､`:;,:;:'':;:;ゞ';:;&quot;|:;.;. .:!:　.: l　;l.;:i:|,:;:'';;:;&quot;;;:ヾ:.ゞゞ';;:`;ゞl;i;:l;j:j:;,j;|;;:;:ヾ:;ゞゞ':;ヾ;ﾞ､`､;<br>ヾ;ゞ:;,;;ヾﾉｿ;;ヾ;:;ヾ;:,ﾐゞ;|,;,:|.:;;;.::;;;:ｌ:;;:|;;:'':;:;ゞ;ゞ';:;:ゞ;;|;: ｌ .;|: 　 ;|　;|　;|ﾞ;;`､,.;::;,'ﾐ:.ﾐ,&quot;::'';,::ﾐ,`ｌ;;j:;ｉ:;j:,j,ｌ;;:;ヾ ゞ'::､:;;:ゞﾐ;';:,;.<br>　`';:;ヾ;ゞゞゞ;':j.ij;j,!;,:,　|;;::|:;,;,::.,;;:|:;;;|;:;ゞ;,:;:'':;:;'&quot;;ヾ;;|; . ;rj:　i :,　 :|　,|;:;&quot;:;ヾ;;ヾ;ゞ:;;'':;ﾐ,&quot;,;.:;|:,j:i:;j:;,l:,l;ヾ;ゞ:;,;ヾﾉｿ;:;ヾ;:ゞ<br>. 　 ,.;;:ﾞ:､,;&quot;'`!;j;ｌ;j,j|;:;ゞ,|;: ;;:.,;:.::;;;.|:;;ﾞ|`;ヾ:;;ゞ;:ヾゞ:;ﾐ| i; {ﾘ 　l :| 　:|　:|::;;ヾ;;ﾞ;:;&quot;;;:;ヾ ゞゞ' :,:;|;:;j;;l;,:ij;:|`':;;:ゞ;ゞ';;:ゞゞi;:.'i:;<br>.;,;ﾉ,;:;ヾ ゞゞ'|j.i:,j:,j|ﾐヾj:ｌ:;;:|.,;;;:..:,;;.,;;:|ゞ;';i;r`､;:;ゞ;:';:;| ｌ;　;:　　.;|: 　 : .;|:; ;ゞﾍ;'i: ;ｌ.:ｉ;;:ﾐ;:;ゞ;:&quot;;|;:ij;:l;,i.;j;|:'`'::;,ｌ:';i:|:.　　:|::';l:,<br>　ｿゝゞ,:;ﾞ;''`|,:j;;l;,:i|&quot;ﾞ`| l:; | ::;;;, ::. :;;|　|i;li|;':;ヾゞ;ヾ;|;: 　:ｌ: 　 .:|　 :r　:|;;:ﾐ:;ﾐ;| '; ｉ; ﾄ､;:ヾ:;ﾞ';;:'|;l:j:;|;,:ij;:| 〈;:;..|;';:;|　 　 |;;':;.<br>;ヾﾞ;:ゞ;;:ﾐヾ:;|.:ij;:ｌ;,i|. 　|;. .;;':;;, ::;;:|.:;;;|　|lij;|,;';,:'ゞ;, :ﾐ|;.|: :;|:.　　.:　.:;|;　;|.,.;;'ゞ'|:|; |:.;|&quot;'`' ;:; .;, |;j:,i,l:;ij;j;|　ゞ;.|;';ｉ:|　 　 |:i;:l;<br>ﾉj;i:;i:l;ｉ⌒ゞ|:l:j;,l;:i;|. 　|;; ,;| ;; ::;;;:| :; |　|li|l|&quot;ﾞ'＾!;ｌｉﾞ'`|;:|: :,| ;ｉ. 　:|　.:l;　.;|:'ﾞ　';:|,ｌ :i|:.|!,:;:':ﾞ;;ﾐ ゞ|;j;,ｉ,.;j;j:;:|.　　.|;ﾞ;ｌ;|　 　 |:';:;i<br>.:|:;i:;,l;|:. 　 |;j;.i,;j.l;|:.　|;,: ,;i ;; :;;;,:l ;;',|; .|ｌi;ｌ|;:;;､;|vl.　|;.|:. 　:;|: 　:| .;ｉ　:| :| 　 . |;| .:| ﾘ;;ﾞ;:;&quot;;;ゞ;;.|;.j:|;;j,;j,:;|:,　　|;';i;:|　 　 |;'l;:;<br>:|;i;l;:l;|;. 　 |,.j;l:j,;j,|;,　|;, y' : ,-､:; ;; ;|ヾ|ｌ;ｉl|:;:;ﾐ;!;li}　|;:|:.　 ;;|:.　.:}:..;|: .;|:.;| 　;;;:| |: i :;|:;;ﾞヾ:.ゞゞ|;:j;ｉ:j:,;ｉj,;|;:　　|;';i;:|　 　 |:;'i;;<br>|;lj:;i;i|:. 　 |;.j;i:j,;j,|ヾ;;|, ;' ;;;: !r:}.;;;:.; |　|lil;i|;ｒﾞ&quot;| ;i｝ |:;,:　.;;N:. : ,j;. .;　 l :.|　`:;;|.; :;| ;i|'`':;;ｌi;!;:ﾞ`|j.;,j:ｉ::j:,ｉ;|:　　.|;'ｌ;;i|　 　 |;:'l;:<br>;i;l.;;l;|;. 　 |.j:;j,;j.j;|;;ゞ| ;;!:;;, ';`ｲ:;;;: :;|　ｌli;l!| 　 | il}. |:|: ;. .;|　.:i,: 　:|;: .;|.:.;|　　ﾞ|:i :;l |:|　　|li　　|:i,;j:;j;,lj;:i| 　ﾉ:|;'ｉ;ｌ:|　 　 |;i:;;.<br>;:l:;j;;|ﾞ　　|:lj.;j:,j.i;|　 | ;:|:,;;:,..:;;ｉ.:;;;.:;;:|　|ｉ州 　 | li｝.|;|: ,;};. .: :;|;,.　.:|;　:| : |　　.|:| : | ｌ| 　 |l| 　 |ｉ;,j:;;j:;,j;ｉ;|　i;,::|;';l;i:|､.　 .:|;':i;:<br>;i;:ｉj;ｔｰz_,|,i;,j:j:;k,|弋|;; ;ｌ ;;j; jﾞ ;;' ,;k;| ,jl从| 　 | k} |:j. ;;j:: .: :;|;;:.　:;!: .;t .:;|. 　 |,|:ｉ:;|;.ｉ|.　 |i|　　|,i;,j;j:;i,:;lj;i､,ｋ;:|;';j;l:|:;;, . ::j:;'l;.<br><br><br><br>.<br>
50	◆kf7uIt1hRTUk	""	2017/11/24(Fri) 00:09:10 ID:54b9e56d	<br>　　　　　　　　　　　　　 _ , -‐: :¨:￣: : ミｘ‐: 、<br>　　　　　　　　　　　 ／/: : :∧: : : : : : : : : ';: : ＼<br>　　　　　　　　　　 /: :/: : : :!　ヽ: : : : : : : : :'; : : ;.丶<br>　　　　　　　　　 ,ｲ: : ; :i.:i : |　　 ＼: : : : : : :.i: : :.i: : ＼<br>　 　 　 　 　 　 /.:|: : {: 从:八　　　 ＿:_:_:. :.:.|: :.:.|: : :. :.＼<br>　　　　　　 　 /.:.:.|: : ﾄ:斗{ ヘ:､　　　 __≧ミ:.}: : :|: i: : : : : ヽ.<br>　　　 　 　 ／: : : |: : ト:{ `_＿　　　　ｨ丐刋`1: : ト;|: : : : : : :.` ､<br>　　 　 　 厶ｧ: : : :l: :小 ｨ丐炒　　　　.:::::.:.:.:. l: : :l/:|: : :ﾐｘ: : : :ヾ:､<br>　　 　／ ／ィ彡;イ: :圦 .:.::.:.. 　 :}　　 　 　 ,ｲ:_: :|: :トミヾ{ ￣￣ ｀ヽ<br>　　　　　　　　　　|: .: へ.　　　　- ‐'　　　 /´ＹＹV:ﾊ<br>　　　　　　　　　　|/ ゝ-'辷:.　 　 　 　 . ィ&quot;　　 　 i: {<br>　　　　　　　　 　 j:＼　　 　 `≧=::≦:′　　 　 _ノ､ハ<br>　　　　　　　　　　 .:X{`ミ; 　 　 }､　　} 　 　 ｒfﾁ′　 ヽ<br>　　　　　　　　　 i: ハi }:7　　　/ :._ .: ', 　 　 V:{　 　 　 :.<br>　　　　　　　　　 |:′ |y′　　廴_＿__,:.　　　 ｖﾊ　　　　i<br>　　　　　　　　　.:.:i　 7　　 　 ハ 介く´i　　 　 Vl　　 　 |<br>　　　　　　　　,ｲ.:::!　′　　　 : :〈/i{ヾ〉|　　　　`:′　　 |<br>　　 　 ({ _ ／ イ.7 /　 　 　 ｲ. :　}i{　.:.:.　　　 　 :.　　　'<br>　　　　　￣´ 〃;〃　 　 　 爪 　 i{{　 　､　　　　 ヾ 　 L_<br><br><br><br><br><br>　　　　　　　　　　　--─────--､、<br>　　　　　　　　　／　　　 　 　 　 　 　 　＼<br>　　　　　　　 ／　　　　　　　　　　　　 　　 ＼<br>　　　　　　／　　　,.-‐-､　　　　　 ,.-‐-､　 　 ＼<br>　　　　 ／　　　　　　 　　 　 　 　 　 　 　 　 　　＼<br>　　　／　 　　 / '⌒`ヽ　　　　　/ '⌒`ヽ 　 　 　 　＼<br>　　│　 　 　　ヽ.　　 ,)　　　　　ヽ.　 　 ,) 　 　　　　　l<br>　　 |　 　　　!/// （_＿__人_＿__）/////　　 　 　 　　|<br>　　│　　　　　　　　ヽ　　　　　　,)　　　　　　 　 　 　l<br>　　　＼ 　　　　　 　　|,/⌒'⌒ヽ|　　　　　　　　　　／<br>　　　　 ＼　　　 　 　 l　　　　　j　　　　　　 　　 ／<br>　　　 　 ／　　　　 　 `ｰ--‐''´　　　　　　　&quot;´　＼<br><br><br><br>.<br>
51	◆kf7uIt1hRTUk	""	2017/11/24(Fri) 00:09:20 ID:54b9e56d	<br><br>　 ,:;;;:;ヾ ゞゞ'ヾ ゞ:;ヾ ゞゞ';':,;j:;, ;,i;:,i!:;,'ﾐ:.ﾐ,&quot;,:'';ﾞ`;;:y;';;;:ゞﾐ;''ｿ:;ゞ;';:;;:ﾞ､`､;';:;&quot;;;;:;ヾ ゞゞ'　ヾ ゞゞ'ヾ ゞ:;ヾ:;ゞ;;';:&quot;:;ヾ ゞ;<br>　&quot;'`',:'':;;:,'ﾐヾ:,;:γ´￣￣￣￣￣￣｀ヽ .;;:';;ゞﾐ:;.;;ゞ;:;ゞ,:;i''`ヾ;ﾐ:;;:,ゞ:;ゞﾐ,:;:'':;:;:;ゞ;ゞゞ;ゞ;:'':;;:,'ﾐヾ:,;:ゞ'ゞ';;ゞ;;'ゞ;;:'ゞ';;:.:;<br>　.,.;;'ン:;.;ヾ ゞ:.;;.|　　ぐちゃ　　　　　 .|;,'ﾐ:;ﾐ,&quot;ゞ;&quot;, |; ｉ　:|!:.::.:.:.`;;:ｿ:;:ﾐゝ,:;:'':;:;;.::;,'ﾐ:.ﾐ,&quot;'ﾞｿ:;,:;.;ヾ ゞ:.;;ﾐ;:;ゞ':;ヾ:;':;;ヾ;:&quot;<br>　,;&quot;;:ヾゞ ゞ';:;:;　ゝ＿＿＿＿＿＿__,ノ .;;,':;.ﾐ,,:;:;'' :;|: l:　 ;|:. :. :. l .:ｉ|;`::;,'ﾐ;r''ｿ:;;ﾞ､＼ﾍ;;:ﾐ:';'i:l;j;:ｌ;,i:;;'ゞ;:ヾ;;:':;ゞ;ゞ';:ゞ;ヽ<br>.:;;;:;ヾ ゞゞ';::;;ヾ;;ヾ;ゞ:;;ゞ;|:';:.;;,;:.:;| ;;,:;|;:;ゞ;ゞゞ;ゞ,:;;ﾐ:;|;;:|:. .::;|:. :. :.;| .;:|;;:;ヾ:;ﾐ;:ﾞ:, ,;.,. ,.:;ヽ:;ゞ!:;j:iｌ:;j:,j,:r;ｿ;:ゝﾐ;ゞ;ゞ:;;ヾ:'ﾞ､<br>;&quot;;;;:;ヾ ゞゞ'::､:;;:ゞﾐ;'';;.,;ﾐ|;;:j ;;,;,: :;;.,;;:|ﾞ､`:;,:;:'':;:;ゞ';:;&quot;|:;.;. .:!:　.: l　;l.;:i:|,:;:'';;:;&quot;;;:γ´￣￣￣￣￣￣｀ヽヾ:;ゞゞ':;ヾ;ﾞ､`､;<br>ヾ;ゞ:;,;;ヾﾉｿ;;ヾ;:;ヾ;:,ﾐゞ;|,;,:|.:;;;.::;;;:ｌ:;;:|;;:'':;:;ゞ;ゞ';:;:ゞ;;|;: ｌ .;|: 　 ;|　;|　;|ﾞ;;`､,.;::;,'.|　　ぐちゃ　　　　　 .|.....ゞ'::､:;;:ゞﾐ;';:,;.<br>　`';:;ヾ;ゞゞゞ;':j.ij;j,!;,:,　|;;::|:;,;,::.,;;:|:;;;|;:;ゞ;,:;:'':;:;'&quot;;ヾ;;|; . ;rj:　i :,　 :|　,|;:;&quot;:;ヾ;;. ゝ＿＿＿＿＿＿__,ノ..;ゞ:;,;ヾﾉｿ;:;ヾ;:ゞ<br>. 　 ,.;;:ﾞ:､,;&quot;'`!;j;ｌ;j,j|;:;ゞ,|;: ;;:.,;:.::;;;.|:;;ﾞ|`;ヾ:;;ゞ;:ヾゞ:;ﾐ| i; {ﾘ 　l :| 　:|　:|::;;ヾ;;ﾞ;:;&quot;;;:;ヾ ゞゞ' :,:;|;:;j;;l;,:ij;:|`':;;:ゞ;ゞ';;:ゞゞi;:.'i:;<br>.;,;ﾉ,;:;ヾ ゞゞ'|j.i:,j:,j|ﾐヾj:ｌ:;;:|.,;;;:..:,;;.,;;:|ゞ;';i;r`､;:;ゞ;:';γ´￣￣￣￣￣￣｀ヽ .;'i: ;ｌ.:ｉ;;:ﾐ;:;ゞ;:&quot;;|;:ij;:l;,i.;j;|:'`'::;,ｌ:';i:|:.　　:|::';l:,<br>　ｿゝゞ,:;ﾞ;''`|,:j;;l;,:i|&quot;ﾞ`| l:; | ::;;;, ::. :;;|　|i;li|;':;ヾゞ;ヾ;|　　ぐちゃ　　　　　 .| ;| '; ｉ; ﾄ､;:ヾ:;ﾞ';;:'|;l:j:;|;,:ij;:| 〈;:;..|;';:;|　 　 |;;':;.<br>;ヾﾞ;:ゞ;;:ﾐヾ:;|.:ij;:ｌ;,i|. 　|;. .;;':;;, ::;;:|.:;;;|　|lij;|,;';,:'ゞ;, :ﾐゝ＿＿＿＿＿＿__,ノ .'|:|; |:.;|&quot;'`' ;:; .;, |;j:,i,l:;ij;j;|　ゞ;.|;';ｉ:|　 　 |:i;:l;<br>ﾉj;i:;i:l;ｉ⌒ゞ|:l:j;,l;:i;|. 　|;; ,;| ;; ::;;;:| :; |　|li|l|&quot;ﾞ'＾!;ｌｉﾞ'`|;:|: :,| ;ｉ. 　:|　.:l;　.;|:'ﾞ　';:|,ｌ :i|:.|!,:;:':ﾞ;;ﾐ ゞ|;j;,ｉ,.;j;j:;:|.　　.|;ﾞ;ｌ;|　 　 |:';:;i<br>.:|:;i:;,l;|:. 　 |;j;.i,;j.l;|:.　|;,: ,;i ;; :;;;,:l ;;',|; .|ｌi;ｌ|;:;;､;|vl.　|;.|:. 　:;|: 　:| .;ｉ　:| :| 　 . |;| .:| ﾘ;;ﾞ;:;&quot;;;ゞ;;.|;.j:|;;j,;j,:;|:,　　|;';i;:|　 　 |;'l;:;<br>:|;i;l;:l;|;. 　 |,.j;l:j,;j,|;,　|;, y' : ,-､:; ;; ;|ヾ|ｌ;ｉl|:;:;ﾐ;!;li}　|;γ´￣￣￣￣￣￣｀ヽ| |: i :;|:;;ﾞヾ:.ゞゞ|;:j;ｉ:j:,;ｉj,;|;:　　|;';i;:|　 　 |:;'i;;<br>|;lj:;i;i|:. 　 |;.j;i:j,;j,|ヾ;;|, ;' ;;;: !r:}.;;;:.; |　|lil;i|;ｒﾞ&quot;| ;i｝ |:;,|　　ずるり　　 　 　 .|;|.; :;| ;i|'`':;;ｌi;!;:ﾞ`|j.;,j:ｉ::j:,ｉ;|:　　.|;'ｌ;;i|　 　 |;:'l;:<br>;i;l.;;l;|;. 　 |.j:;j,;j.j;|;;ゞ| ;;!:;;, ';`ｲ:;;;: :;|　ｌli;l!| 　 | il}. |:|:ゝ＿＿＿＿＿＿__,ノ.ﾞ|:i :;l |:|　　|li　　|:i,;j:;j;,lj;:i| 　ﾉ:|;'ｉ;ｌ:|　 　 |;i:;;.<br>;:l:;j;;|ﾞ　　|:lj.;j:,j.i;|　 | ;:|:,;;:,..:;;ｉ.:;;;.:;;:|　|ｉ州 　 | li｝.|;|: ,;};. .: :;|;,.　.:|;　:| : |　　.|:| : | ｌ| 　 |l| 　 |ｉ;,j:;;j:;,j;ｉ;|　i;,::|;';l;i:|､.　 .:|;':i;:<br>;i;:ｉj;ｔｰz_,|,i;,j:j:;k,|弋|;; ;ｌ ;;j; jﾞ ;;' ,;k;| ,jl从| 　 | k} |:j. ;;j:: .: :;|;;:.　:;!: .;t .:;|. 　 |,|:ｉ:;|;.ｉ|.　 |i|　　|,i;,j;j:;i,:;lj;i､,ｋ;:|;';j;l:|:;;, . ::j:;'l;.<br><br><br><br>.<br>
52	◆kf7uIt1hRTUk	""	2017/11/24(Fri) 00:09:30 ID:54b9e56d	<br><br><br><br><br><br>　　　　　　　　　　　　　　　　　　　　　　　 -‐…　ミ<br>　　　　　　　　　　　　　　　　　　　 　 ／: : . . . . . . .:＼､<br>　　　　　　　　　　　　　 　 　 　 　 ／: . .. 　 　 　 　 . :i:: , 　 　 __<br>　　　　　　　　　　　 　 　 　 　 　 ′: .　 ..　 　 　 　 . :|:: ′　 ′ ＼__<br>　　　　　　　　　　 　 　 　 　 　 : : . .　　 :.:､　　　 　 . :|:.:. '　　|: :. 　 　 ｀　 ┐<br>　　　　　　　　　 　 　 　 　 　 /: : . .　　　. :ヽ　　　　. :|: : :廴,ﾉ: : : : : :..　　 ｛　　　　 __<br>　　　　　　　　　　　　　　　　/: : . .　　　　. . :ﾟ,　　 　 ├―寸 -―''⌒^ヽこ{__ .．　¨￣<br>　　　　　　　　　　　　　　　 ,′: : .　　　　. . : : , 　 　 └: :´　 　 　 __ .．-‐　´__ ィ'⌒¨<br>　　　　　　　　　　　　　 　 ,′: : .　　　　. . : : : ′　　　　　　 o≦ 　 　 　 _ｆ'⌒Ｙ<br>　　　　　　　　　　　　　　 :′: : .　　　. . . : : : : : :＼: 　 　 ／: :厂￣￣￣　レｰ′<br>　　　　　　　　　　　　　　 i: : . .　　. . . : : : : : : : : :-‐=≦: :_ ／<br>　　　　　　　　　　　　　　 |: : . . 　 . : : : : : :／　　 　 　 Ｖ＾´<br>　　　　　　　　　　　　　　 |: : . . . . : : -‐:　　　　　__　　　‘ ,<br>　　　　　　　　　　　　　　 , : : : : : : :. :.　 　 　 ／丁¨丶. 　 ′<br>　　　　　　　　　　　　　　 ′: : : .:.:.: . 　 　 ／; : /　　　 `汽　丶<br>　　　　　　　　 　 　 　 　 　 ＼: : :.　　　／: :｛∠-― 、　｛: }: .　 ＼_<br>　　　　　　　　　　　　　　　　　 ＼: : : : : -‐: : : : : : : : :＼ }: 丶: .__,ﾌ<br>　　　　　　　　　　　　　　　　　 　 }.:.:.:.:.:.:／^:　　　　. . . : :Ｙヽ(＼/<br>　　　　　　 　 　 　 　 　 　 　 　 /:.:.:. : :.{ rく}　. . . . . . . .__,.:７<br>　　　　　　　　　　　　　　 　 　 /: : : : : 八 _:}　. . : : : : : ⌒::{<br>　　　　　　　　　　　　　　　　　′: : . .　　　　. . . : : : : : : : : ::.,<br>　　　　　　　　　　　　　　　　 ｉ: : : . . . 　 　 　 . . : : : : : : : : : :′<br>　　　　　　　　　　　　　　　　 |: : : . . .　　　　 . . . . : : : : : : : : :.i<br>　　　　　　　　　　　 　 　 　 　 ,: : : . 　　　　　. . . . . : : : : : : : :|<br>　　　　　　　　　　　　　　 　 　 ′: : . .　　　　　 . . . . : : : : : : .′<br>　　　　　　　　　　　　 　 　 　 　 ＼: : : . . . .　　. . . . . . . . . /<br>　　　　　　　　　　　　　　　　　　　　＼: : : : : : . . . : : : : :／<br>　　　　　　　　　　　　　　　　　　　　 　 　 …――…<br><br><br>.<br>
53	◆kf7uIt1hRTUk	""	2017/11/24(Fri) 00:09:40 ID:54b9e56d	<br>　 ,:;;;:;ヾ ゞゞ'ヾ ゞ:;ヾ ゞゞ';':,;j:;, ;,i;:,i!:;,'ﾐ:.ﾐ,&quot;,:'';ﾞ`;;:y;';;;:ゞﾐ;''ｿ:;ゞ;';:;;:ﾞ､`､;';:;&quot;;;;:;ヾ ゞゞ'　ヾ ゞゞ'ヾ ゞ:;ヾ:;ゞ;;';:&quot;:;ヾ ゞ;<br>　&quot;'`',:'':;;:,'ﾐヾ:,;:ゞ'ゞ.;;:';;ゞ;:!; l .;,;::. :l.:;r&quot;ｿ;;:';;ゞﾐ:;.;;ゞ;:;ゞ,:;i''`ヾ;ﾐ:;;:,ゞ:;ゞﾐ,:;:'':;:;:;ゞ;ゞゞ;ゞ;:'':;;:,'ﾐヾ:,;:ゞ'ゞ';;ゞ;;'ゞ;;:'ゞ';;:.:;<br>　.,.;;'ン:;.;ヾ γ´￣￣￣￣￣￣｀ヽ;|;;`;,'ﾐ:;ﾐ,&quot;ゞ;&quot;, |; ｉ　:|!:.::.:.:.`;;:ｿ:;:ﾐゝ,:;:'':;:;;.::;,'ﾐ:.ﾐ,&quot;'ﾞｿ:;,:;.;ヾ ゞ:.;;ﾐ;:;ゞ':;ヾ:;':;;ヾ;:&quot;<br>　,;&quot;;:ヾゞ ゞ';|　　くちゃ　 　 　 　 .|;|;:;ゞ;;,':;.ﾐ,,:;:;'' :;|: l:　 ;|:. :. :. l .:ｉ|;`::;,'ﾐ;r''ｿ:;;ﾞ､＼ﾍ;;:ﾐ:';'i:l;j;:ｌ;,i:;;'ゞ;:ヾ;;:':;ゞ;ゞ';:ゞ;ヽ<br>.:;;;:;ヾ ゞゞ';::;.ゝ＿＿＿＿＿＿__,ノ.|;:;ゞ;ゞゞ;ゞ,:;;ﾐ:;|;;:|:. .::;|:. :. :.;| .;:|;;:;ヾ:;ﾐ;:ﾞ:, ,;.,. ,.:;ヽ:;ゞ!:;j:iｌ:;j:,j,:r;ｿ;:ゝﾐ;ゞ;ゞ:;;ヾ:'ﾞ､<br>;&quot;;;;:;ヾ ゞゞ'::､:;;:ゞﾐ;'';;.,;ﾐ|;;:j ;;,;,: :;;.,;;:|ﾞ､`:;,:;:'':;:;ゞ';:;&quot;|:;.;. .:!:　.: l　;l.;:i:|,:;:'';;:;&quot;;;:ヾ:.ゞゞ';;:`;ゞl;i;:l;j:j:;,j;|;;:;:ヾ:;ゞゞ':;ヾ;ﾞ､`､;<br>ヾ;ゞ:;,;;ヾﾉｿ;;ヾ;:;ヾ;:,ﾐゞ;|,;,:|.:;;;.::;;;:ｌ:;;:|;;:'':;:;ゞ;ゞ';:;:ゞ;;|;: ｌ .;|: 　 ;|　;γ´￣￣￣￣￣￣｀ヽ.ｌ;;j:;ｉ:;j:,j,ｌ;;:;ヾ ゞ'::､:;;:ゞﾐ;';:,;.<br>　`';:;ヾ;ゞゞゞ;':j.ij;j,!;,:,　|;;::|:;,;,::.,;;:|:;;;|;:;ゞ;,:;:'':;:;'&quot;;ヾ;;|; . ;rj:　i :,　 :||　　くちゃ　 　 　 　 .|.;|:,j:i:;j:;,l:,l;ヾ;ゞ:;,;ヾﾉｿ;:;ヾ;:ゞ<br>. 　 ,.;;:ﾞ:､,;&quot;'`!;j;ｌ;j,j|;:;ゞ,|;: ;;:.,;:.::;;;.|:;;ﾞ|`;ヾ:;;ゞ;:ヾゞ:;ﾐ| i; {ﾘ 　l :| 　:.ゝ＿＿＿＿＿＿__,ノ,:;|;:;j;;l;,:ij;:|`':;;:ゞ;ゞ';;:ゞゞi;:.'i:;<br>.;,;ﾉ,;:;ヾ ゞゞ'|j.i:,j:,j|ﾐヾj:ｌ:;;:|.,;;;:..:,;;.,;;:|ゞ;';i;r`､;:;ゞ;:';:;| ｌ;　;:　　.;|: 　 : .;|:; ;ゞﾍ;'i: ;ｌ.:ｉ;;:ﾐ;:;ゞ;:&quot;;|;:ij;:l;,i.;j;|:'`'::;,ｌ:';i:|:.　　:|::';l:,<br>　ｿゝゞ,:;ﾞ;''`|,:j;;l;,:i|&quot;ﾞ`| l:;γ´￣￣￣￣￣￣｀ヽ ;|;: 　:ｌ: 　 .:|　 :r　:|;;:ﾐ:;ﾐ;| '; ｉ; ﾄ､;:ヾ:;ﾞ';;:'|;l:j:;|;,:ij;:| 〈;:;..|;';:;|　 　 |;;':;.<br>;ヾﾞ;:ゞ;;:ﾐヾ:;|.:ij;:ｌ;,i|. 　|;. .;;|　　くちゃ　 　 　 　 .|.ﾐ|;.|: :;|:.　　.:　.:;|;　;|.,.;;'ゞ'|:|; |:.;|&quot;'`' ;:; .;, |;j:,i,l:;ij;j;|　ゞ;.|;';ｉ:|　 　 |:i;:l;<br>ﾉj;i:;i:l;ｉ⌒ゞ|:l:j;,l;:i;|. 　|;; ,;|ゝ＿＿＿＿＿＿__,ノ'`|;:|: :,| ;ｉ. 　:|　.:l;　.;|:'ﾞ　';:|,ｌ :i|:.|!,:;:':ﾞ;;ﾐ ゞ|;j;,ｉ,.;j;j:;:|.　　.|;ﾞ;ｌ;|　 　 |:';:;i<br>.:|:;i:;,l;|:. 　 |;j;.i,;j.l;|:.　|;,: ,;i ;; :;;;,:l ;;',|; .|ｌi;ｌ|;:;;､;|vl.　|;.|:. 　:;|:　 γ´￣￣￣￣￣￣｀ヽ .;;ゞ;;.|;.j:|;;j,;j,:;|:,　　|;';i;:|　 　 |;'l;:;<br>:|;i;l;:l;|;. 　 |,.j;l:j,;j,|;,　|;, y' : ,-､:; ;; ;|ヾ|ｌ;ｉl|:;:;ﾐ;!;li}　|;:|:.　 ;;|:.　.:.|　　ごくり 　 　 　 　 |..:.ゞゞ|;:j;ｉ:j:,;ｉj,;|;:　　|;';i;:|　 　 |:;'i;;<br>|;lj:;i;i|:. 　 |;.j;i:j,;j,|ヾ;;|, ;' ;;;: !r:}.;;;:.; |　|lil;i|;ｒﾞ&quot;| ;i｝ |:;,:　.;;N:. : ,jゝ＿＿＿＿＿＿__,ノ.;;ｌi;!;:ﾞ`|j.;,j:ｉ::j:,ｉ;|:　　.|;'ｌ;;i|　 　 |;:'l;:<br>;i;l.;;l;|;. 　 |.j:;j,;j.j;|;;ゞ| ;;!:;;, ';`ｲ:;;;: :;|　ｌli;l!| 　 | il}. |:|: ;. .;|　.:i,: 　:|;: .;|.:.;|　　ﾞ|:i :;l |:|　　|li　　|:i,;j:;j;,lj;:i| 　ﾉ:|;'ｉ;ｌ:|　 　 |;i:;;.<br>;:l:;j;;|ﾞ　　|:lj.;j:,j.i;|　 | ;:|:,;;:,..:;;ｉ.:;;;.:;;:|　|ｉ州 　 | li｝.|;|: ,;};. .: :;|;,.　.:|;　:| : |　　.|:| : | ｌ| 　 |l| 　 |ｉ;,j:;;j:;,j;ｉ;|　i;,::|;';l;i:|､.　 .:|;':i;:<br>;i;:ｉj;ｔｰz_,|,i;,j:j:;k,|弋|;; ;ｌ ;;j; jﾞ ;;' ,;k;| ,jl从| 　 | k} |:j. ;;j:: .: :;|;;:.　:;!: .;t .:;|. 　 |,|:ｉ:;|;.ｉ|.　 |i|　　|,i;,j;j:;i,:;lj;i､,ｋ;:|;';j;l:|:;;, . ::j:;'l;.<br><br><br><br>.<br>
54	◆kf7uIt1hRTUk	""	2017/11/24(Fri) 00:09:51 ID:54b9e56d	<br>　　　　　　　　　　　　　 _ , -‐: :¨:￣: : ミｘ‐: 、<br>　　　　　　　　　　　 ／/: : :∧: : : : : : : : : ';: : ＼<br>　　　　　　　　　　 /: :/: : : :!　ヽ: : : : : : : : :'; : : ;.丶<br>　　　　　　　　　 ,ｲ: : ; :i.:i : |　　 ＼: : : : : : :.i: : :.i: : ＼<br>　 　 　 　 　 　 /.:|: : {: 从:八　　　 ＿:_:_:. :.:.|: :.:.|: : :. :.＼<br>　　　　　　 　 /.:.:.|: : ﾄ:斗{ ヘ:､　　　 __≧ミ:.}: : :|: i: : : : : ヽ.<br>　　　 　 　 ／: : : |: : ト:{ `_＿　　　　ｨ丐刋`1: : ト;|: : : : : : :.` ､<br>　　 　 　 厶ｧ: : : :l: :小 ｨ丐炒　　　　.:::::.:.:.:. l: : :l/:|: : :ﾐｘ: : : :ヾ:､<br>　　 　／ ／ィ彡;イ: :圦 .:.::.:.. 　 :}　　 　 　 ,ｲ:_: :|: :トミヾ{ ￣￣ ｀ヽ<br>　　　　　　　　　　|: .: へ.　　##;　- ‐'#; 　 /´ＹＹV:ﾊ<br>　　　　　　　　　　|/ ゝ-'辷:.　 　 　 　 . ィ&quot;　　 　 i: {<br>　　　　　　　　 　 j:＼　　 　 `≧=::≦:′　　 　 _ノ､ハ<br>　　　　　　　　　　 .:X{`ミ; 　 　 }､　　} 　 　 ｒfﾁ′　 ヽ<br>　　　　　　　　　 i: ハi }:7　　　/ :._ .: ', 　 　 V:{　 　 　 :.<br>　　　　　　　　　 |:′ |y′　　廴_＿__,:.　　　 ｖﾊ　　　　i<br>　　　　　　　　　.:.:i　 7　　 　 ハ 介く´i　　 　 Vl　　 　 |<br>　　　　　　　　,ｲ.:::!　′　　　 : :〈/i{ヾ〉|　　　　`:′　　 |<br>　　 　 ({ _ ／ イ.7 /　 　 　 ｲ. :　}i{　.:.:.　　　 　 :.　　　'<br>　　　　　￣´ 〃;〃　 　 　 爪 　 i{{　 　､　　　　 ヾ 　 L_<br><br><br><br><br><br>　　　　　　　　　　　--─────--､、<br>　　　　　　　　　／　　　 　 　 　 　 　 　＼<br>　　　　　　　 ／　　　　　　　　　　　　 　　 ＼<br>　　　　　　／　　　,.-‐-､　　　　　 ,.-‐-､　 　 ＼<br>　　　　 ／　　　　　　 　　 　 　 　 　 　 　 　 　　＼<br>　　　／　 　　 / '⌒`ヽ　　　　　/ '⌒`ヽ 　 　 　 　＼<br>　　│　 　 　　ヽ.　　 ,)　　　　　ヽ.　 　 ,) 　 　　　　　l<br>　　 |　 　　　!/// （_＿__人_＿__）/////　　 　 　 　　|<br>　　│　　　　　　　　ヽ　　　　　　,)　　　　　　 　 　 　l<br>　　　＼ 　　　　　 　　|,/⌒'⌒ヽ|　　　　　　　　　　／<br>　　　　 ＼　　　 　 　 l　　　　　j　　　　　　 　　 ／<br>　　　 　 ／　　　　 　 `ｰ--‐''´　　　　　　　&quot;´　＼<br><br><br><br>.<br>
55	◆kf7uIt1hRTUk	""	2017/11/24(Fri) 00:10:01 ID:54b9e56d	<br><br><br>　　　　　　　　　　　 　 　 　 □<br>　　　　　　　　　　　　　　　 ┌─┐<br>　　　　　　　　　　　　　　　 └─┘<br>　　　　　　　　　　　　　　　┌───┐<br>　　　　　　　　　　　　　　　└───┘<br>　 　 　 　 　 　 　 　 　 　 ┌─────┐<br>　 　 　 　 　 　 　 　 　 ┌┼─────┼──┐<br>　 　 　 　 　 　 　 　 　 │└─────┘　 　 │<br>　 　 　 　 　 　 　 ┌─┼─────────┼───┐<br>　 　 　 　 　 　 　 │　 └─────────┘　 　 　 │<br>　 　 　 　 　 　 　 │　　　　　　　　　　　　　　　　　 　 　 　 │<br>　 　 　 　 　 　 　 └───────────────┘<br><br><br><br>.<br>
56	◆kf7uIt1hRTUk	""	2017/11/24(Fri) 00:10:12 ID:54b9e56d	<br>.　　　　　　 　 　 ‐=ﾆ二三三三三三三三三三＼<br>　　　 　 　 　 　 　 ＼三三三三三三三三三三三＼<br>　　　　　　　　　 　 ｀ﾐ三三三∧三三三三三三三三}ミ､<br>　　 　 　 　 　 　 ｰ=ﾆ二ﾊ/∨　∨ｰ=ﾆ三彡'三三三ﾉ三}<br>　　　　　　　　　　ミ三_厶‐く三＼∠__ |三三彡=--くﾉﾆｿ<br>　　　　　　　　　 　 ￣/⌒} }辷フ〔＿_｀ヽ ￣|　 　 ／｀V<br>　　　 　 　 　 　 　 　 {廴｢　　}´　弋ッう　＼|＿／}　 /...　　　┌─────────────―───―───―─┐<br>　　｢￣￣＼＿_ ＿__/ ﾉ７　 /　　　＾￣　　 __,化__ﾚ'/. 　 　 　 　 普通なら目を背けたくなるような関係だろうが<br>..　　＿____/　／ /／{丙〈　　　　　　　　　　{ ｢ドｸ/´}.　　 　 　 　 こんな形の家族があってもいいんじゃあないだろうか<br>　　∧　　 　 |　 {　　 ∨∧　　 　 　 弋ト__ﾉ{　l//｀/ . 　 　 　 └────────────―─────―───―┘<br>　　　 ＼　　 |　 | 　 　 /　　　　　 r‐＿ r―{　l/｀/. 　 　 　 <br>　　　　　}　　|　 |　　　′　　 　 　 ｀|ヽ ￣| |　|｀/　 　 　 　 <br>.　　 　 /　　 |　 |　　 ｉ　　　　ト 　 _ |__〔__ | | │{　　　　　　　 ┌────────────――――――────┐<br>　　　　{　　　|　 |　　 l　 　 ,ノ￣l ／￣　 ﾉﾉ ,ﾉ ﾉ　　　 　 　 　 　 そんなことよりもいつかまたこの奇妙な一家団欒を<br>　　 ＿__　　 ∨∧　　l 　 /　__／　　　 　 　 ／.　　　　　 　 　 　 取材に来るのもいいかもしれない<br>..　　　￣＼　 ∨∧　 ＼　　| { 　 　 　 　 ／　　 　 　 　 　 　 └──────────────────────┘<br>...　＿＿　 {　　∨∧__／＼ |ﾄ＼＿＿___/}　＼　 　 　 　 　 <br>　　　　　＼）　　∨￣ﾉ　 　 |　　　　｢￣冂　 /<br>.　　　　 　 {/ 　 /　 　 ／＼|　　　　l　 　 |ー{　　　　　　　　　┌───────────────――────――─┐<br>.　　　　 　 |　　/＿_／＼____＼______廴__ソ　ﾉ　　　　　　　　　　　とりあえず今は少女が捨てられてから<br>.　　　　 　 l　 　 　 　 　 　 　 | ￣￣i￣|‐r┘　　 　 　 　 　 　 　 どうやって生きてこられたのかを想像するとしようか――<br>.　　　　　　|　　　　　　　　 　│　 　 l　 |│　　　　　　　 　 　 └───────────────────――─――┘<br>　 　 　 　 ！＼＿　　　 　 　 |　　 　 　 |！<br>.　　　 　 　 ｌ　　　　　　　　　 l　　　　　│|<br>.　　　　　　 |　　　　＼＿／ /　 　 /　　|│　　　　　　　　　＿＿＿<br>　　 　 　 　 |　　　　 ´￣{　/ i　 　 l　　 ∨￣￣￣￣＼　{ﾆ二二二ﾆ}　　　　　　　　　　　　　　　　　　 　 　 　 　 ｜＼<br>　　　　　　/{_￣￣ｊ___／__/　|　　　 　 　 }　　 ￣￣＼│ |ｰ―――‐|..　　┌――――――――――――――┘　 ＼<br>　　　 }　 /　 )-‐…　¨ ￣{　　 　 　 　 　 | 　 ___,ノｰ‐ }ﾉ　|　 　 　 　 l.　　 ｜　　『自殺森』――終わり　　　　　　　 　 　 &gt;<br>.　　　　　　 /　　 　 　 　 ,l　 l　　　　　　/￣　　　　{ｰ| 　 |　　　　　│.　　├――――――――――――――┐　 ／<br>. 　 　 　 ／ 　 　 　 　 ／∧│　　　ｌ ／───‐（_／―‐|　　 　 　 |─　 └―――――――――――――┐｜／<br>　　　　　　　　　　　　　　　　　　　　　　　　　　　　　　　　　　　　　　　　　　　　　　　　　　　　　　　　　　　 　 　 | //<br>　　　　　　　　　　　　　　　　　　　　　　　　　　　　　　　　　　　　　　　　　　　　　　　　　　　　　　　　　　　 　 　 ￣<br><br><br>.<br>
57	◆kf7uIt1hRTUk	""	2017/11/24(Fri) 00:10:28 ID:54b9e56d	以上です<br>お目汚し失礼しました<br>引き続き短編祭をお楽しみください<br>
58	普通のやる夫さん	sage	2017/11/24(Fri) 00:16:15 ID:e54a73ea	乙でしたー<br>飲食がテーマだが著しく食欲を削がれる話だったｗｗｗ<br>面白かったっす
59	普通のやる夫さん	sage	2017/11/24(Fri) 00:19:37 ID:3d7fbe50	乙でした！<br>岸辺露伴っぽい！クオリティ高い！
60	普通のやる夫さん	sage	2017/11/24(Fri) 00:35:03 ID:be292d4d	食べるという行為のおぞましき一面が…<br>乙
